video_id,sadness,fear,joy,anger,surprise,neutral,disgust
34Iy5xGfGjY,0.7330503896103897,0.24250525974025974,0.008722857142857143,0.003739025974025974,0.004518246753246753,0.006233246753246753,0.0012448051948051948
7b3MW4OtfvY,0.6491604477611941,0.2170087064676617,0.06654228855721393,0.0,0.034017412935323385,0.0,0.033271144278606966
-8VwH8U9s_0,0.7351796407185628,0.25404191616766464,0.0,0.0,0.010778443113772457,0.0,0.0
2q8tLmAK94E,0.745851409978308,0.2491594360086768,0.0021691973969631237,0.0,0.001735357917570499,0.0,0.0010845986984815619
5GYBHqOck2Q,0.5044706581374439,0.22947894289017343,0.0627766119460501,0.03635881680154142,0.12927708166987797,0.015612295876685934,0.022018092922286448
6hO3O7obKps,0.6680383663366336,0.2229888613861386,0.054300742574257425,0.0,0.027521658415841584,0.0,0.027150371287128713
8ARtkW32wbQ,0.5167205127125507,0.22937493044534413,0.06376372469635627,0.00407122,0.15049820979757086,0.0072536599999999994,0.028332802348178136
9rwmebBPPPE,0.7493392070484581,0.2501802162595114,0.0,0.0,0.0004805766920304366,0.0,0.0
2f7oMu80pJQ,0.3853955726660251,0.12894642284247673,0.2425402630734681,0.0,0.12184760988129613,0.0,0.12127013153673405
1l_dmxhynGw,0.7457140615793099,0.25116889229655187,0.0,0.0,0.003117046124138323,0.0,0.0
1rDkrZcFoY8,0.48175528340801044,0.17492137958075185,0.028477344670999157,0.006488220285476231,0.2745406653643672,0.009090860592591555,0.024716238902619824
36ZJpNJiR7I,0.6484415927168614,0.24679094005330565,0.007920747251930049,0.0002895560761152159,0.09179933363051644,0.00028568553891134533,0.004471617910327588
2tQ-pbQ7WYI,0.6051393819541357,0.26098177031044584,0.02308063594880639,8.928863450531479e-05,0.08923662735047953,0.016081112693411823,0.005390038382132095
7xM1xn_0Uac,0.712253532513181,0.2383708611599297,0.023615992970123022,0.0,0.013951616871704747,0.0,0.011807996485061511
6W5eUUqD7N4,0.4815818181818182,0.22703333333333334,0.19082246545454545,0.009036276363636363,0.06387246545454546,0.01810151515151515,0.009436276363636363
4rymCgMBYyQ,0.6234892617449664,0.2082771812080537,0.0,0.0,0.16823355704697984,0.0,0.0
9aqFUHttthE,0.7229103745695366,0.24150017900662252,0.0009904086754966889,0.0022637912582781456,0.031910318675496686,0.0002829739072847682,0.0001414869536423841
1Fv0XmyhGX4,0.7496048850574712,0.2501077586206897,0.0,0.0,0.0002873563218390805,0.0,0.0
8eqtl0ym1p8,0.47651086129353243,0.17325308258706468,0.16384472676616915,0.00095248,0.10112683263681592,0.0010967466666666668,0.08321452338308458
2EqD74K-Zbw,0.553771254672755,0.24950586952815834,0.04561350203957382,0.0056619466666666665,0.11996606940639269,0.005409520000000002,0.020080117686453576
2hBa1arMKKE,0.6768743488502135,0.22649470568286753,0.025289269912759652,0.018259062017965733,0.032943104361356626,0.016075241204757635,0.004086983453535326
-5fIH8iKh2s,0.5763971631205673,0.2741800302600473,0.022942377777777773,0.00020106666666666663,0.10695876217494092,0.01443841111111111,0.004879611111111111
0ytyMKa8aps,0.15851622702916338,0.07002528893638876,0.2529134963737241,0.03909659975599026,0.1287112564272607,0.19945927221929063,0.1511957235444091
15Qg-iqAjVM,0.6968894402914391,0.23513590295081965,0.004471186666666666,0.002122133333333333,0.05766436342440802,0.0030744000000000006,0.00064884
6zCpRVP1DgQ,0.3056940625440946,0.12773727549298125,0.16080294650457963,0.02786852796332721,0.26680192747825526,0.02652314125985157,0.08456268048585838
3s6K-hQAWPc,0.666939750147701,0.2579449985153349,0.005699699699699699,0.0023001334668001335,0.06235682624520546,0.0038345011678345016,0.0009325992659325993
4YPFGRkI4XQ,0.7211132810063124,0.2450895842450201,0.009455900344789233,0.0037433544655766874,0.012763545603967218,0.006240462684907129,0.001607718829941052
3YF5YQQ7Sbo,0.7230394800485239,0.2567664240467858,0.0011675675675675676,5.5522188855522185e-05,0.01880354980303301,0.00011122233344455566,5.5522188855522185e-05
5cu3N0y7Sf8,0.7159294566813509,0.25753439060205574,0.0,0.0,0.026536152716593247,0.0,0.0
8Leq7yZ7T9U,0.5614111111111111,0.30143333333333333,0.0,0.0,0.13715555555555556,0.0,0.0
4i05fFFkZ9E,0.6779203060459867,0.24061849706869795,0.0005531139681196221,0.00013801570320214415,0.08023877389758781,0.00015823295246156016,0.0003726941797150515
2bZ6hdmoGko,0.62135968891808,0.21813513131070025,0.06846624056337511,1.7350684017350683e-05,0.05576848714993629,0.003259882104326549,0.03299299682489743
8da1nXckEy4,0.3141594803722534,0.1792984026658916,0.21689820766967943,0.016133345006495953,0.10630748895864366,0.1135626844275159,0.0536077884546541
7MQ-SC9bmp4,0.7439427386594752,0.2516227481030321,2.1043265487709933e-05,9.020131242353465e-06,0.004386442944977905,1.5037259481703926e-05,3.003003003003003e-06
1Zam5HcJWcU,0.5132774067046173,0.29594614618595827,0.020735443525195022,0.0,0.14930556005903436,0.015551582643896267,0.0051838608812987555
169N81xAffQ,0.3417208408048374,0.11042253422991383,0.16274371577008617,0.0465858844175702,0.19588030789546845,0.06255977620239088,0.07999379239644147
5kO1ZA6TQO8,0.6277083333333333,0.20969907407407407,0.08101851851851852,0.0,0.04106481481481482,0.0,0.04050925925925926
8diYLhl8bWU,0.3864691798616837,0.1066631455700263,0.10125313360466638,0.046447851503311335,0.1976935294995152,0.06439914119594138,0.09705542345325294
9hpNfoVTKxE,0.5994600700424848,0.22692011137903317,0.005357905614881158,0.0,0.1629040073487197,0.004018429211160869,0.0013394764037202894
69y3wfpVW0Q,0.742919301260023,0.2519310996563574,0.0,0.0,0.005149599083619703,0.0,0.0
BDSZYNzJFCM,0.6121202003338899,0.25512520868113525,0.004841402337228714,0.0,0.12549248747913191,0.0,0.002420701168614357
8pBeeAhMkf4,0.7236139152335008,0.2571962049363179,0.0,0.0,0.01918987983018115,0.0,0.0
1twCuJ5QAhc,0.7487224163996626,0.24990905615162531,7.077077077077078e-05,0.00016176176176176175,0.001105631219149025,2.0220220220220223e-05,1.0110110110110111e-05
aO96cCnxAqU,0.7368087950105494,0.25359760136075926,0.0,0.0,0.009593603628691348,0.0,0.0
9c_2DlEWAQ8,0.5036574996595764,0.1753282600505861,0.14923984625479955,0.0006593259926593259,0.08338896368553689,0.028395869552982744,0.05932178190651711
9uBVc1LQvHE,0.6307527436697884,0.2795755532431495,0.0,0.0,0.0896717030870621,0.0,0.0
dcs3FeMbvo4,0.3353619047619048,0.11972380952380954,0.2676952380952381,0.0,0.14337142857142857,0.0,0.13384761904761905
djPRp0uoB80,0.5975301204819278,0.19957831325301206,0.07048192771084337,0.0,0.09716867469879518,0.0,0.035240963855421685
bPp42pU0L1o,0.6462762139615563,0.26259066083627486,0.017267408891630736,0.0,0.06523201186472267,0.0,0.008633704445815368
D8wcNj4Ii74,0.417116299858156,0.10232895886524823,0.07325396539007092,0.05458916539007093,0.1428700485106383,0.06858776539007093,0.14113911347517732
ciysiQOCZ-Y,0.7490024183796857,0.25027206771463123,0.0,0.0,0.0007255139056831924,0.0,0.0
aMFIsMeOyuE,0.6680240462427746,0.24217526011560692,0.0182,0.0,0.06250069364161849,0.0,0.0091
9wVrTZT15sY,0.7318007573113403,0.2549634298241799,0.0,0.0,0.013235812864479779,0.0,0.0
a1a-4AyR43M,0.6781119539765846,0.23663616067823984,0.03932171982236576,0.005198223657650384,0.021082083165119097,0.005443641501816714,0.014197335486475575
a2Sl2iYNoMg,0.6280683490265486,0.2184119024582104,0.05515255992133726,2.538666666666667e-05,0.06905984196656834,0.002469586666666667,0.026812319960668633
cAViU7acf3A,0.6456273320895523,0.22749785261194025,0.05744010416666666,0.0041856875,0.0383973986318408,0.016524333333333332,0.010306541666666667
AYdr5LFOp2Q,0.7274815349871029,0.24872992517387468,0.0014180847514180847,0.0,0.02166141271189527,0.0,0.0007090423757090423
B3_52CULpJg,0.46528123938030985,0.3256732983508246,0.0039366,0.0001872,0.20435706226886557,0.000375,0.0001872
AKkNgTy779o,0.6260909916892374,0.25146558525205415,0.030521820398212107,0.0037889882161722876,0.05795285012087802,0.0226877082486794,0.007504164973587972
BGpi9KIATDA,0.61706463345484,0.2452926933981369,0.04505864722559741,0.0,0.07005470230862698,0.0,0.022529323612798705
ClwUh8qdyrU,0.6548658904109589,0.25352972602739726,0.02454337899543379,0.0,0.054789315068493154,0.0,0.012271689497716894
ASY4_iuqsOs,0.4692556822139326,0.32187878362480715,0.004954664299451521,0.000340645850013344,0.2005817726827202,0.0018751688944578684,0.0011110940172167631
aAGPkNg8ZgM,0.521066602631579,0.1593351503508772,0.07376870315789473,0.03385066666666667,0.11990093894736842,0.03309114666666667,0.058951191578947376
Ctz0qGsE4Vc,0.5789646263910969,0.24014612038509095,0.04047022058823529,0.0019245098039215687,0.13269015191662248,0.003855187908496732,0.0019245098039215687
becEG15I0Xc,0.3624531143276883,0.16573594726287297,0.17886888251578095,0.0,0.2035076146357673,0.0,0.08943444125789048
9UJzVLXmBG4,0.6103526254702322,0.26047409027114654,0.03554675953794022,0.0012533984439528916,0.07436013296104242,0.00879943427091014,0.009205367946181668
dPMtPwrLfak,0.6502634596496696,0.2667752775525164,0.011613455657492356,0.0,0.059734351482829316,0.008710091743119267,0.002903363914373089
bwWW3sbk4EU,0.45416099256587283,0.15886690627740788,0.0897008771723364,0.06060882657866535,0.18300528782329986,0.015157456417241444,0.038488899495090795
aQu1jtWmI7o,0.7175272971099704,0.24828000866697775,0.01923013333333333,0.0013086266666666665,0.010159174223051796,0.0024724266666666665,0.0010128799999999999
ax1d3grY2DU,0.7006553663152203,0.23393135982698027,0.0010772370911057043,0.0009174371451743716,0.06290846174641795,0.00011467964314679643,0.00039526899161935656
fUCmtc8fnqw,0.5843264049876509,0.23716464756081387,0.06446005002810923,0.0,0.04958884739531681,0.04834503752108192,0.016115012507027307
bCsr44-_org,0.6105185185185185,0.28232711111111114,0.0063642469135802475,0.0,0.09442587654320989,0.004773185185185186,0.0015910617283950619
cZQA_Fkumvs,0.3340895647161572,0.08127413018922852,0.11740155947598253,0.07465715155749636,0.17940900262008735,0.09604912628820961,0.1171486171761281
de56W-F93nw,0.3699219639641116,0.14861579278780374,0.1850465878749618,0.02424538370149089,0.1942701337724839,0.04252760760568272,0.03529196833425133
eMNdAPnv1EY,0.603754910617139,0.21000144818731775,0.07277096045320683,0.013236848714656687,0.05144036908285097,0.019048505661458555,0.029781139835487663
fKsedWFmzqs,0.6584346647906535,0.2523854879544587,0.01999653738188046,0.001811297198538368,0.04791764947042048,0.009486897555289763,0.009966095368612624
FDGuoIqX_4g,0.7447878755074424,0.25142148849797025,0.0,0.0,0.0037906359945872803,0.0,0.0
dpEiSk2ZgFM,0.6348040685224839,0.23053758029978588,0.0994136863668808,0.0047058766595289075,0.015400820556745182,0.009335314061384724,0.0057433855817273375
fy9_7rZlFuc,0.7095006420694494,0.2516022637912546,0.010409730330831247,0.0,0.02238677998861485,0.0013435779816513762,0.004757005838198498
EpAVswT8snc,0.623314143518747,0.2400106222408013,0.08840274662678754,0.0043125110678819125,0.03104848813007381,0.008571381172915697,0.004286310515850158
dFmK57Aeklg,0.5113469849778093,0.3025361651974555,0.0007234456678901123,0.00026960293626960294,0.18452331184230827,0.0004044044044044044,0.00019602936269602937
do7czXNN1DY,0.4687445321217918,0.1878739279451618,0.013996800000000002,0.0006656,0.32671167326637973,0.0013333333333333333,0.0006656
HGbWgY-TFIs,0.20524715553490874,0.37055134093577924,0.030819378310170207,0.0,0.3779724360640567,0.0,0.015409689155085103
d_Gv8Fk8pfM,0.5778587410940352,0.2967825668806061,0.00018155410312273057,0.0,0.1250863608706746,0.0,9.077705156136529e-05
Cl21fx50efM,0.7495115452930727,0.250133214920071,0.0,0.0,0.000355239786856128,0.0,0.0
eiExnS2D4Ls,0.7024605177684371,0.2629653133358808,0.0,0.0,0.03457416889568208,0.0,0.0
dqTs3-x90Rk,0.5994027993805773,0.20659113521515482,0.062446103267671894,0.024789004275768984,0.05275278203039641,0.044661532120355646,0.009448341629714179
Gl3oXslewlA,0.7491379310344828,0.25023510971786833,0.0,0.0,0.0006269592476489029,0.0,0.0
hm3QOaVfL4c,0.45059599231764713,0.15482500432750562,0.015612803234501349,0.031579514824797844,0.33966224684092083,0.005295013477088949,0.0024229110512129382
Enoaim0_T7E,0.45238519218616036,0.10429525020616452,0.16329517439477442,0.07000322829148806,0.07025453624004899,0.11669235210451112,0.023333144478464997
GJcI6cH57os,0.7069739844010677,0.24582873498498495,0.009997330663997332,0.004478645311978646,0.021821015459904353,0.006795239684128573,0.004115782449115783
FOpkTdUv4zU,0.592050117647059,0.19693952549019608,0.06266614666666667,0.03924441333333333,0.05830589019607843,0.041773946666666666,0.009105079999999998
EhPQ5bWTSDo,0.49612547474433266,0.16670317949645083,0.0,0.0,0.3371713457592165,0.0,0.0
E_vPKqVg1eA,0.36184226270996434,0.14393900312386962,0.16958777509334244,0.05510906652796087,0.0771668450470972,0.10378727781514467,0.08850051055090712
F54dgS3cvno,0.7487172191223306,0.24984429326916185,0.0,0.0,0.0014384876085075469,0.0,0.0
hoGwEsAUMBM,0.746742209631728,0.2493862134088763,0.0016525023607176581,0.0,0.001392823418319169,0.0,0.0008262511803588291
IPAx-9_YYM8,0.7328125,0.2546875,0.0,0.0,0.012500000000000002,0.0,0.0
GdRVjTV-l7Q,0.6836581757181597,0.21779467629850274,0.03501270424291173,0.015066582840812609,0.016005739387101106,0.025189307244907713,0.007322848537929829
HP1i7oEUzM0,0.6398996261483362,0.2652649668244096,0.028484167500834167,0.001841991991991992,0.05971788950973677,0.0031337003670336996,0.0016405071738405071
IiXYKT3KgCY,0.5956627712049399,0.2920919714895619,0.0,0.0,0.11224525730549828,0.0,0.0
ggFJvQsexAs,0.6955289212168143,0.2322360554999444,0.035881662585016884,0.0,0.01841252940571599,0.0,0.017940831292508442
hUgBqQptYZA,0.34736940269749517,0.16002445872832366,0.18682926658959537,0.0006739199999999998,0.21440113202312142,0.00486076,0.08583241996146435
IO7c-dqWtQc,0.7392320136518772,0.2529367235494881,0.0,0.0,0.007831262798634813,0.0,0.0
I4KMdqQZI3Y,0.7292842484008528,0.2538267544420753,0.0010829289267945985,0.00135625,0.012347937100213221,0.0012209166666666666,0.0008809644633972992
gQGY3cXzt3g,0.6743362798194503,0.2249597226614961,0.00027805583361138915,0.0,0.10028691376863655,0.0,0.00013902791680569458
KUoXFhfTUfk,0.6187591597459696,0.20674157303370785,0.08695652173913043,0.0,0.04406448461162677,0.0,0.043478260869565216
ekEsLDLmNDE,0.6252764275256223,0.2777132106718725,0.008421584577842851,0.0014864734016593458,0.0827945337237677,0.002387703448836831,0.0019169067349926793
hy3jtr_78zk,0.7098504166753639,0.23839274566951357,0.01500010898629061,0.010625704338366774,0.014259337034223704,0.009749875184946204,0.0021409487229750146
gqRF5QM7UMg,0.7138336171962933,0.25626207285957486,0.002571587433972755,0.0,0.026046928793172674,0.0,0.0012857937169863775
hj3txED1ZUk,0.7008133269088994,0.2609498946814113,6.346666666666667e-05,6.346666666666667e-05,0.03788757840968931,6.346666666666667e-05,0.00015866666666666668
gx5IyumKmDI,0.6379025738214384,0.24091749448945549,0.029944393145081218,0.016292910758965804,0.041169673636760794,0.014810897970530996,0.018962000575876724
khw1zfJcNeg,0.5693536570698796,0.2262605639767865,0.025959456417614435,0.0,0.16544659432691222,0.0,0.012979728208807217
gWq9P-sB6iM,0.5533293852227863,0.28057021996615905,5.555555555555555e-05,0.0,0.16601706147772138,0.0,2.7777777777777776e-05
JPno9z7YqX8,0.5750809421306171,0.2829294400249832,0.01645925925925926,0.0,0.10907109932588115,0.012344444444444446,0.004114814814814815
KVeTIVpq4dg,0.6326262018357488,0.21685579710144928,0.02028929623188406,0.00036176000000000003,0.11863625671497585,0.00036176000000000003,0.010868168115942026
If9TxdYxgTo,0.45773513691785195,0.200369443919059,0.13104237449792028,0.0,0.07981067016724859,0.09828178087344021,0.03276059362448007
i49dGwTgOPg,0.5502837189891217,0.30446807663933045,0.0,0.0,0.1452482043715479,0.0,0.0
iYaLuWMRj0U,0.5942803707174844,0.23664507249741337,0.013071288693231379,0.006073672504865166,0.12793370305724416,0.010586952758455644,0.01140899537319664
HYOOpGIikAI,0.7418538032285159,0.24627536655429377,0.004415072543808176,0.001725644418364725,0.0020905687296491893,0.0028767832967066687,0.0007691446235507538
JIb0d6QFuoY,0.4603177224242424,0.16369631919191918,0.17474098626262624,0.002933333333333334,0.0865044012121212,0.029376153333333335,0.08242300424242423
LBkWY2cmrIk,0.2423691921087755,0.3138709021521522,0.08203125,0.0,0.3207130307390724,0.0,0.041015625
IvB9T-Kg3Y8,0.5396396336996336,0.2890825641025641,0.03641090637362637,0.0017314742857142858,0.1279132506959707,0.0034684981684981685,0.0017314742857142858
iUAic8qkkWc,0.6826936662703131,0.26818051525961156,0.00034992000000000004,1.664e-05,0.04870907180340864,3.3333333333333335e-05,1.664e-05
MLORxIl73Mc,0.19670285484519504,0.33510253317249705,0.07237635705669482,0.0,0.35963007639726585,0.0,0.03618817852834741
JIIh00ETbxA,0.30824375218150085,0.13358960005817336,0.23960763030831883,0.03480645833333333,0.05022802603257707,0.1740732782867947,0.05944458813263526
I-h8npgBZXY,0.5487932837076289,0.29475713474640425,0.01298863333333333,0.0001976,0.13825071487930018,0.0003958333333333333,0.004614266666666667
iy8yEEmZzYc,0.6718849367138512,0.2660636383421526,0.002248915582248916,7.411856300745191e-05,0.057294023097705454,0.0017052163274385499,0.0007289956623289958
jtVRBGVcU-Y,0.6075827351037343,0.18776289715076072,0.07287249283540802,0.019255672807745507,0.04766151341632088,0.030793939197787005,0.03411245681881052
H_djyPEfkSI,0.6975755023315998,0.2642975902732,0.0,0.0,0.038126907395200076,0.0,0.0
J5rhdOTcVs0,0.42294951623874016,0.2962291988806227,0.04745798020242466,0.0008088088088088088,0.18529855103568119,0.0354291958625292,0.011826582137693251
LEQJzcDJuso,0.6399999999999999,0.28,0.0,0.0,0.08000000000000002,0.0,0.0
jKK-8Lzj398,0.480752512224925,0.3068116560133972,0.01417445919093541,0.0062134751467105365,0.17306681915346622,0.012710981380771345,0.006270096889794353
jFfRBUxTuxQ,0.5452486343885785,0.2674135065797641,0.0531982968032278,0.0022151322160148972,0.11862691222842955,0.0093998308814401,0.003869287771570453
JVK345VBy20,0.4387989439794933,0.15111352138906897,0.17789985175161746,0.0064438980777827455,0.12937991167544635,0.005800894054537326,0.09056297907205373
LesfD6p80DA,0.7472585167600277,0.25030538948220843,0.0,0.0,0.002436093757763835,0.0,0.0
NvL-2kjK7Bs,0.4570063460585028,0.15965498264749628,0.08324397620228062,0.0007210708973723352,0.23056360932077344,0.0409057511155181,0.027904115022310362
JOqGkZV6qJg,0.7106079747005786,0.24739735419728165,0.01173216,0.0,0.018530351102139686,0.00879912,0.00293304
kjxQ8ksdXKg,0.5067134666666667,0.29201784444444445,4.713333333333333e-05,0.00010773333333333333,0.2010936,1.3466666666666666e-05,6.733333333333333e-06
ilDDvJarwpE,0.3620300955886797,0.12095720767142308,0.23347915752208767,0.0,0.16627497480444667,0.0007784784784784784,0.11648008593488433
LNvuy9l4BEM,0.4655938857018499,0.1153014654624592,0.15947583611171565,0.06007973894813203,0.06995460293072181,0.10015759193326079,0.02965912208922742
kYU3-gVJsOg,0.7288568538189175,0.2557663125948407,0.0,0.0,0.015376833586241782,0.0,0.0
NoaWa0djEcI,0.5827480892783689,0.2190840268946516,0.055041840213744024,0.02310460629995314,0.07292819172600594,0.039062433665011685,0.008115313762756886
mjJP2h6zn2s,0.35918051999999995,0.2533669866666666,0.035592013333333325,0.04070812,0.2308496266666667,0.027565066666666676,0.05269444
M24mK3o8Qzw,0.6985666122938531,0.23956355422288855,0.009178400000000001,0.008088033333333335,0.03599612237214726,0.0045637666666666675,0.004041333333333334
nvKHg1l1olI,0.7400197641654314,0.2527218825003369,0.0,0.0,0.007258353334231705,0.0,0.0
LVeKbEgn50o,0.6557097398543184,0.2757155254942768,0.0,0.0,0.06857473465140479,0.0,0.0
l_NYrWqUR40,0.09876089114852782,0.05916916300689279,0.3904732346656244,6.763969974979148e-05,0.256020116086899,0.00043707256046705584,0.19507213304034626
N6oiEnjL76U,0.5738150087260034,0.23557035713787083,0.027969680000000004,0.0037124999999999997,0.15147011413612563,0.00471858,0.00272776
lVVM47UjKps,0.7473694655120058,0.25071741849672563,0.0,0.0,0.0019131159912684729,0.0,0.0
lurxlUCX3IU,0.5436246061829804,0.27724386318508054,0.02351890885984023,0.009664754082104982,0.11481678069000373,0.021111448110692387,0.010019416444630905
n-HT9W4bOpE,0.32190185956573225,0.3667540383002549,0.0,0.0,0.311344102134013,0.0,0.0
N66o_GqH0Nc,0.6998941379310345,0.23545206896551726,0.031034482758620693,0.0,0.01810206896551724,0.0,0.015517241379310346
NKWMdsn8XBo,0.5133654241812434,0.2863066825771158,0.032516827939050155,0.0005701701701701701,0.13733209744584512,0.0223888666444222,0.007518062506951396
KRso9LSGnXw,0.7439432697003394,0.2516518355362711,0.0,0.0,0.004404894763389531,0.0,0.0
NdZ02-Qenso,0.7260567823343849,0.2565299684542587,0.0,0.0,0.01741324921135647,0.0,0.0
pTEmNCGP-jI,0.5916466634661546,0.21353816610657705,0.08761401824291887,0.0,0.06339414306289007,0.0,0.043807009121459434
mcVzdJMu4GQ,0.5986047340871581,0.27536890769882694,0.005017141835050627,0.0004583888888888888,0.11553785232169145,0.0037425785985101922,0.0012717854587626569
N89rhthui2I,0.40647508138147564,0.16511780105354962,0.1515174064538636,0.012988136166056166,0.07988654207570207,0.11688508888191175,0.06710265798709228
pe46SmN_tjo,0.6182949416342411,0.2821797031906615,0.0043267,1.8719999999999997e-05,0.09169043517509728,0.0022372800000000003,0.00125198
n3_UinUUSYg,0.4005553299331077,0.29817052287843404,0.05203369403689405,0.000672339005672339,0.1959962597263931,0.03927743380205604,0.01329442061744284
NUa1mvaYNtk,0.5601110033294916,0.20603600389294402,0.047612804840568575,0.008502640222819824,0.12331897364579332,0.03889855084517864,0.015520023223203996
pKlwfDonlic,0.6454921443736731,0.2054322363765039,0.010397629157820241,0.009818542108987971,0.09678605803255484,0.009068011323425338,0.02298637650389243
mOLvC71y8bg,0.557312842950848,0.18497928184727427,0.03840295144202972,0.01099392082624406,0.17345738782859996,0.027440492466755093,0.007451063465899324
nWN0O_L0lgY,0.19720354756602534,0.3931910708543118,0.004712382616908708,0.007453875174428955,0.3945886724495173,0.00202021856787565,0.0008286952554258199
pkhAkxxVIvQ,0.3287480240559441,0.2131546039160839,0.051750269530469524,0.03881831832167833,0.22772317346653345,0.04702349172827173,0.09270681360639361
Oa1706liWBc,0.4929251075983505,0.31002859094194896,0.01216230675119564,0.00010063396730063396,0.1744893667472103,0.007652741630519409,0.002639962184406629
PMW4F6UXOL8,0.7085782949616283,0.2472826614493281,0.0016041374708041377,0.0016041374708041377,0.03531291746291747,0.0016041374708041377,0.004010343677010344
OZqMgAb-yuU,0.00017006802721088437,0.16300170068027212,0.16266156462585032,0.23230229591836737,0.0932610544217687,0.2091220238095238,0.1394812925170068
oMa06oYupvw,0.386780539083558,0.3141244429469901,0.04999679103324348,0.00122928,0.2320881814195867,0.0024625,0.013302505516621743
OOji9CPQx4U,0.5938534759397077,0.24179549387737795,0.008200034594237493,0.013306812553914003,0.1330446917374454,0.004354436487769822,0.005441678132982481
OeGJ5dnlHwI,0.6504986376021799,0.2170599455040872,0.004768392370572207,0.0,0.12528882833787466,0.0,0.0023841961852861036
oL8cb3BBsCI,0.6485566223245894,0.20268805512476007,0.05388696834293026,0.023098483787587974,0.025658347297931327,0.038506966807421626,0.007690000767754318
pxh-mbcIAx8,0.656933070025446,0.24167469849535456,0.03117956705438975,0.009757202491245044,0.03529278371583336,0.018669066673056036,0.006489056901379597
qXByH_o3CIE,0.6101858691206543,0.25215278404907976,0.04013539914110428,6.2399999999999995e-06,0.05749670854805726,0.03001563435582822,0.010007284785276073
OyK0oE5rwFY,0.1759569348213193,0.1444943082221339,0.2299715954939838,0.09567922580025204,0.07741531743300313,0.1773903307024274,0.099079411772386
OcT8iRVizYA,0.6330311912484116,0.2137404106500212,0.07497619091045314,0.0,0.04076411173588737,0.0,0.03748809545522657
oJLndHQ_doM,0.7217984651317985,0.2568824379935491,0.0001668335001668335,0.0,0.021068846624402185,0.0,8.341675008341675e-05
Q4Y_zZnzazM,0.5517445898279233,0.27671545320831037,0.01596777117253308,0.012126643309976644,0.13099423777519018,0.010015910127814888,0.002452995512519321
OMHowzST6Ss,0.5352677599796593,0.2959718847902364,0.009890703035850499,0.00735384,0.13761718915840326,0.008764027276887873,0.005133315758962624
OG44YTNX7-M,0.20152777777777778,0.39958333333333335,0.0,0.0,0.3988888888888889,0.0,0.0
qtWE9bsgVjM,0.6896317201780777,0.23011375850779825,0.00025025025025025025,0.0,0.07987914593874859,0.0,0.00012512512512512512
rKOnp2-XSmI,0.5455867166408835,0.2438842013888889,0.051616005588922265,0.013544380507401341,0.09831201935837351,0.03759304797221464,0.009513731060606063
P7yM0TKvUm4,0.07744818558441405,0.027627611185530202,0.44637517202059257,0.0,0.2253614451991669,0.0,0.22318758601029628
tll3s0oIQZA,0.7488775510204082,0.2503061224489796,0.0,0.0,0.000816326530612245,0.0,0.0
RPn-vBWhU34,0.6634992062780267,0.21567189125560535,0.04169399551569507,0.0178720033632287,0.025585007847533633,0.029794017937219735,0.005949988789237669
R6siS4zqvjc,0.5783359463348885,0.206915927651633,0.015037068325557283,0.004747053333333333,0.18178783019180922,0.010491226666666664,0.0027025074961119755
qD--XZZ4NZc,0.74716158251793,0.25016744658541246,0.0,0.0,0.002670970896657608,0.0,0.0
pH7QXwtkvI4,0.7302458897763408,0.2545219590580818,0.0009641407097474045,0.0,0.01330386974608267,0.0007231055323105533,0.0002410351774368511
rCZLizvc4Ls,0.6193744824558778,0.27569048528040774,0.003799733066399733,0.0,0.09741898288099839,0.002724674674674675,0.0009916416416416416
PRLC2qARDiU,0.5622180292242658,0.17557800842355686,0.026608268595278733,0.017945416958051734,0.16306375497454972,0.022392724605294824,0.032190574285306035
TVjA51wLYgM,0.7490714687675859,0.25025323579065845,0.0,0.0,0.0006752954417557683,0.0,0.0
rxCSLF7fR1c,0.6088274824759909,0.2625643141714996,0.026554690695883953,0.0024264264264264265,0.07367850164042122,0.019423150154045096,0.006524933935232249
pQhyir9mYik,0.5819218145348414,0.19415109989822635,0.0016941385830274722,0.0016941385830274722,0.21460576424561098,0.0016941385830274722,0.00423534645756868
q-akb-vjbTg,0.7496768507638073,0.25008813160987076,0.0,0.0,0.0002350176263219742,0.0,0.0
TFwLNJXr3Qw,0.41610833333333336,0.3340916666666667,0.00025,0.0,0.249425,0.0,0.000125
Ra7txWlyDfk,0.7481907894736842,0.25049342105263156,0.0,0.0,0.001315789473684211,0.0,0.0
qxmlxyk_65k,0.6608488979612468,0.2375961037573715,0.03204933647851727,0.00354292,0.04261387356360573,0.00456,0.018790268239258636
Rr4utWfl90A,0.6876415426497278,0.25593066773139744,0.012284994700544467,0.0,0.033956257568058076,0.006066060000000001,0.004120477350272232
rLsimrBoYXc,0.17523573340368087,0.138417184131091,0.22467329003506947,0.0757017117541893,0.14426549282300435,0.15683353009784998,0.0848396526176586
rqUcKAOolk0,0.6188800193517175,0.23056361877116593,0.0,0.0,0.1505563618771166,0.0,0.0
Rx4LZazv9sY,0.6432299532146055,0.27615796996036807,0.002529198743107616,0.00010824157490824159,0.07573212445058967,0.0015125814063463945,0.0007303310504749354
qDfPCnneDkU,0.4933090652744248,0.31648786040942906,0.000921187854521188,0.000921187854521188,0.18513460584767774,0.000921187854521188,0.00230296963630297
TEQ95djR3wk,0.7495225694444445,0.2501302083333333,0.0,0.0,0.0003472222222222223,0.0,0.0
psA15sdNmPU,0.5283880029018918,0.18937786240786242,0.1062705873044762,0.0006142142142142142,0.09914124144346366,0.04274802761094428,0.03345218957593958
UDkSkd65pkA,0.4875110246797106,0.29890158574042897,0.017149482816149482,0.006042359025692359,0.17041735287649049,0.012467617617617619,0.007509726393059727
UhgjvS1sBxQ,0.727322536257522,0.2558814292021907,0.000333667000333667,0.0,0.016295534039786914,0.0,0.0001668335001668335
rlZ-1krjePQ,0.5831763316058676,0.2358185248539679,0.027561850739628517,0.0628714047380714,0.07874272556663556,0.007858925592258925,0.003957268379490601
VyHZNqBjQwQ,0.6142990218910107,0.21206334420121098,0.08244061481136469,0.0,0.04997671169073125,0.0,0.041220307405682347
TVH3z7zNuGQ,0.7078311515354476,0.23617223637409498,0.001334668001334668,0.0,0.053994610088455304,0.0,0.000667334000667334
SWMyXP1SxXY,0.4554483363404689,0.2072833869011213,0.07639060779816513,0.10063093211009173,0.10501973603465851,0.03750654984709481,0.017696958256880738
UQJA6QraqjM,0.30827494160827495,0.3704704704704705,0.0,0.0,0.3212545879212546,0.0,0.0
recgNGI3FWA,0.5616999397057876,0.2594506033050594,0.018644681008493875,0.025137143576324864,0.10885620251830778,0.016589645036849714,0.009621406693242952
tLScLKekBAs,0.7163940828244673,0.2555874938871536,0.0018611926934097422,0.004254154727793696,0.02110454434855103,0.000531769340974212,0.000265884670487106
q6IM1BgWHmA,0.4881534899085035,0.18358993417849787,0.08366416075445886,0.034648715382048716,0.12543037712300584,0.03970483527513337,0.04482120009106459
t4FjaBLP1YI,0.6095812807881773,0.24892446633825943,0.04330870279146141,0.0,0.07653119868637111,0.0,0.021654351395730704
TKbt4q3Uwpg,0.701503638954055,0.24621310347208086,0.01224718051384718,0.005249716383049717,0.024306347330287085,0.008751685018351685,0.0017477477477477476
SJzDeHyIyBU,0.6560205789524577,0.2378704685791029,0.01967231756110664,0.006966659016921837,0.06059721282836422,0.010445998012355627,0.008426218383024443
V49ow_7RqJU,0.3823787329426917,0.33451877216951076,0.011331798465131798,0.00485734067400734,0.25721664236861186,0.008097564230897565,0.001617117117117117
tpOSQXED0-A,0.7496726190476191,0.25008928571428574,0.0,0.0,0.00023809523809523812,0.0,0.0
T1tz7FEeSyY,0.7336576143545104,0.2513301682289946,0.0013602936269602938,0.0005592481370259148,0.011948442530498033,0.0009323100878656435,0.00021399176954732513
x1i_5EHc0pY,0.747619695193435,0.24957075029308323,0.0007763188745603751,0.00033276670574443145,0.001036166471277843,0.0005547479484173506,0.0001107854630715123
rrJAB80z4-E,0.747478123284575,0.25068778455875235,0.0,0.0,0.001834092156672802,0.0,0.0
TIQHgXVV_Ic,0.4034434868816185,0.3371333520625889,0.0072826333333333325,0.0005424000000000001,0.2440430610557926,0.005243222222222222,0.0023116333333333336
wFU3XDXa_lQ,0.6081074760876091,0.26036376704129044,0.0173661953435464,0.003698982315648982,0.09253265037563414,0.010633216549883218,0.0073043022096444055
uGyLPOrXst4,0.5808159555486629,0.19491911810088652,0.0706279291811373,0.025913913522285986,0.07316393913475287,0.04275449612366671,0.011884742332316666
SiIHfZQ25qg,0.6836897779890267,0.22589155133216027,0.008901301301301302,0.0038155155155155155,0.07008493694507929,0.006360760760760761,0.0012702702702702701
Tq9mndQMBvY,0.484448563335628,0.153169156105972,0.06026341370072714,0.09425089934940681,0.13796165292732457,0.031517259854573286,0.03834676616915423
vAXoV_eAo8k,0.4630890927906247,0.2276974853353089,0.004670870870870871,0.0,0.2998716801323246,0.003503153153153153,0.0011677177177177177
YBfe-2Cl-Z0,0.6186120647376165,0.20669445806768025,0.08607160372731731,0.0,0.04558607160372732,0.0,0.04303580186365866
Ul9ysDvkuLA,0.4210561783512405,0.16841058398338485,0.058769733765065654,0.04514134736463392,0.17997234296554318,0.040751760453973065,0.08583268001112038
tZthPVrCf9U,0.48285989940557833,0.20529391403749428,0.06393946789208962,0.03779652206675811,0.13728862427069044,0.027152421124828532,0.04564283665294925
uQJldt1taWo,0.6099717468214483,0.2381700238363737,0.04015545516860143,0.0021879512658927584,0.09966049454947486,0.006162647960199004,0.0036684248535102265
uITwmA3macM,0.6926538517684351,0.2656398586086086,0.0,0.0,0.0417062896229563,0.0,0.0
VFEZiFosi8I,0.5466082416558018,0.23286532933507176,0.04618626701434161,0.006148662842242502,0.11246668424598,0.03660648352890049,0.019112631377661886
wr4bzoWwBUI,0.468563094629156,0.30199383631713556,0.027237851662404094,0.0,0.18858629156010231,0.0,0.013618925831202047
vImlVNAShms,0.5991010914285714,0.19857069142857142,0.09828172666666665,0.0029254266666666673,0.04969114714285714,0.004882506666666667,0.046557956666666664
YbfEvAmZs8g,0.5539427403799654,0.24987647284974096,0.03917979091537133,0.006068624248704663,0.1132684849740933,0.02815215388601036,0.009510480967184801
W0vaqF2WFZ8,0.6728248540450376,0.25026466499860994,0.0258814845704754,0.0003209341117597998,0.040173811509591324,0.0006428968584931888,0.009887239366138448
zgDdQLvC8l8,0.7491455204557225,0.2502330398757121,0.0,0.0,0.0006214396685655102,0.0,0.0
WQgUiHjIeOw,0.7394005080349164,0.25018403349586144,0.0019773106439773106,0.0008118118118118117,0.005964007017770459,0.0013533533533533534,0.00031197864531197863
vGVwiUEz9Oo,0.47095221112582786,0.2183431473730684,0.10096716881740775,0.0011604266666666667,0.11700333493535162,0.06063668334279409,0.030932627738883636
whcB_YH9Q2k,0.6284326963906582,0.2167500605803256,0.021874355555555558,0.0,0.11106853191790515,0.01640576666666667,0.0054685888888888895
xzG8Gml0cZM,0.49562186560155863,0.170855353619094,0.10514001001461275,0.03837073598636142,0.09734001021919143,0.07528307031660983,0.01751928816366293
UQ-aaXmsxLM,0.734281451954806,0.24495641781404698,0.007050296053786637,0.00021568234901568232,0.009730563361010915,0.00039766433099766433,0.0033678796474027163
xp38LLHHKXY,0.7071459840723435,0.24316316133251026,0.03688047114415073,0.0017538038404168617,0.00576706225855214,0.0035132288469889054,0.0017538038404168617
xELHGR_ur0Q,0.38874176974981883,0.34852497188641307,0.0,0.0,0.26273325836376815,0.0,0.0
Y1pOUGn5VIo,0.7117783333333334,0.25103225,0.010461916666666668,0.0,0.016265583333333333,0.007846437500000001,0.002615479166666667
vc9MsNupLGI,0.4419225807455066,0.33402111434213455,0.0,0.0,0.22405630491235887,0.0,0.0
y2Rk1wRCfnc,0.44307597070754967,0.32028213657736687,0.013704769736842105,0.0,0.2092323532413993,0.010278577302631578,0.0034261924342105263
URBAZ7xjzPw,0.31491148375762507,0.011506495865527992,0.11414035216483667,0.08480284369255796,0.1483132058885726,0.106805975046767,0.21934148634946457
xHkJV4okA1I,0.5672335529974418,0.20905384551217884,0.09953703703703703,0.0,0.07440704593482371,0.0,0.04976851851851852
wYyft5EsxZM,0.6566955844733622,0.2677622066510955,0.0,0.0,0.07554220887554222,0.0,0.0
XLw8P9VKETw,0.5052184313725491,0.3094118993226382,0.008177013333333333,0.0,0.16928230930481286,0.005732760000000001,0.0021775866666666668
YimthXSvSS4,0.6830778838805152,0.22795934259178868,0.027097355440188545,0.019650385095206876,0.02066992475112408,0.01722494953267479,0.004345058459101598
X9vIS1Eu0u0,0.4458732204064683,0.30021692185281934,0.035290758792981027,0.000131439842209073,0.20012640721589442,0.0006133550907909883,0.017747620664714685
yKLuI2btthQ,0.7351762484263533,0.24526856903063363,0.0,0.0,0.019555182543013007,0.0,0.0
WSuTvKI1G7Q,0.6967000689000687,0.23250637130637133,0.0023352707686041026,0.0008889898556565222,0.0662661904328571,0.0004032283365616699,0.0009004368004368005
yTanAdvbwjs,0.5897217767441858,0.23821634521963825,0.044964969509043926,0.0033521333333333334,0.09848055710594315,0.005588266666666667,0.01968835142118863
Y6EhRwn4zkc,0.5679792438967646,0.20925652177872442,0.066795468377198,0.003087559678388768,0.11680229960896546,0.004646972463318389,0.0314303751271919
zpidjClaPT8,0.5385399771666628,0.18871036283503756,0.0,0.0,0.27274965999829964,0.0,0.0
WhSocTqdv-g,0.6529173565948267,0.25382095092257584,0.032704476425161534,0.002528106930741977,0.045086077285813785,0.007120478261628899,0.0058106510870674245
Xs-9vfWDJfU,0.6033475636533252,0.24528976410647832,0.04680211966127157,0.0030999165971643036,0.07654969291509468,0.0027966638865721434,0.022113639758353325
_TFXkvSHm_0,0.6723894700984103,0.2674392354277063,0.0041,0.0,0.05402129447388342,0.0,0.00205
YJOunCdzzCo,0.660121322487362,0.25769192785975936,0.014320153666211014,0.0011478144811478143,0.05391814735882837,0.009565496186150307,0.0032340257372067403
YEaSxhcns7Y,0.37531092296530666,0.12549077235843525,0.24936687351612918,0.0,0.12514799440206423,0.0,0.12468343675806459
y8dWpbZDuyM,0.5986917612355148,0.24136887842556462,0.054051405617035926,0.0002886330775219664,0.07780508363397629,0.0003187187187187187,0.0274751745024341
ZZtnI6Y6ajs,0.6517666752918286,0.211504418612192,0.026905618158236055,0.011923446627756162,0.07382107548638132,0.01880079325551232,0.005317200389105057
ZhraoVIJ1OE,0.6937474090251868,0.2653416157204036,0.0,0.0,0.0409109752544096,0.0,0.0
_ibaJtbFnHo,0.5876400760166776,0.25060315710180847,0.04804450438300742,0.0,0.0896900103070029,0.0,0.02402225219150371
yxYQn4vNg2g,0.5964161648207348,0.2537649782847364,0.03945062351778301,0.001514342299288536,0.06978154077016084,0.02928036685879428,0.009791671084166604
zHz-jGWxAIM,0.4820000929117404,0.17086767419855545,0.07244685484608857,0.08682011324953855,0.10899737384894473,0.04110653152331314,0.0377235823782184
z-ODrrNufeo,0.5841173060287153,0.19632922788849366,0.045931288070590014,0.002944355466577689,0.14909817005743092,0.003565154042931821,0.017999850463945883
zLcP3Nnx7yE,0.2902832666666667,0.13039924731182798,0.06181448602150538,0.06181448602150538,0.2392079505376344,0.06181448602150538,0.15453621505376347
zknhcuAQFWc,0.1866839632741958,0.34238500628074137,0.06411856861042343,0.002589425384575075,0.36994576895008413,0.004295530318744903,0.029991131121085954
_QQnX6PPV48,0.6025257884601207,0.2036756909218832,0.08851402513624734,0.009490023356690021,0.051832065273763155,0.001186252919586253,0.042774196418640865
ZS7f6X7E0vk,0.7497916666666666,0.2500568181818182,0.0,0.0,0.00015151515151515154,0.0,0.0
ZwNHqmjANhY,0.7263223866282923,0.2482066497353421,0.0021600266933600267,0.0021600266933600267,0.013586278951680854,0.0021600266933600267,0.005400066733400067
_6Z9cf0SRG8,0.5262034544483113,0.17608547939714012,0.049198790803260894,0.011869614654500614,0.159979533669421,0.039535022656622,0.03710574730634271
_zHoPDl1HE0,0.5714516767810662,0.28876279245210323,0.00410894812142442,0.001300772962002579,0.13070472964906507,0.002974248959805463,0.0007016428117537332
