video_id,surprise,sadness,fear,joy,disgust,neutral,anger
2mI-6hCkLqI,0.31247771836007127,0.4940285204991087,0.192602495543672,0.0005941770647653001,0.00029708853238265005,0.0,0.0
05UFBtf4wrA,0.0997352853758542,0.5828286076082003,0.24873426701594534,0.015044080000000001,0.027487400000000006,0.013666880000000003,0.012487500000000002
2MgF31SV2A8,0.09858196686779062,0.5820335680567877,0.2784757450754215,0.03417518,0.0016431599999999998,0.0033727,0.00169726
1QuBTc_fGr0,0.0908037053469852,0.41110334897610923,0.1926662808589306,0.21248135118031852,0.023059527090443687,0.05622670477815699,0.013560984215017065
1dj_SQk7PqQ,0.0005797101449275363,0.7492028985507246,0.25021739130434784,0.0,0.0,0.0,0.0
0ue-qTvNzL4,0.09293591160220996,0.6218409944751381,0.28473204419889503,0.00024552486187845305,6.138121546961326e-05,0.0001841436464088398,0.0
0fyT10GBqf8,0.18982492548570978,0.4112752116962901,0.1706477846544023,0.08530449269297306,0.025093406046102128,0.051782051869796966,0.06605287584503271
2W7TK69AUyQ,0.0005430782099539942,0.74935743412798,0.2500994876620661,0.0,0.0,0.0,0.0
23IyuuCxvYI,0.1401972693032015,0.6305214689265537,0.21574256120527308,0.009025800376647835,0.0045129001883239175,0.0,0.0
37wptu3XmCA,0.03146734212687472,0.7041730368745129,0.26096597735496874,0.001666483149816483,0.0004128294961628295,0.0012334334334334334,8.088088088088088e-05
2qabqu8jlKA,0.06930983025528481,0.6186432227583742,0.2471220876129967,0.028726082792749463,0.00436189832098923,0.020613947812432663,0.011264599743387622
2Gt81GMUATQ,0.4000000000000001,0.20000000000000004,0.4000000000000001,0.0,0.0,0.0,0.0
0qgQoaTzbvU,0.10464128560993426,0.6061182322863404,0.2892404821037253,0.0,0.0,0.0,0.0
2uzI_X11jIk,0.13762202651026392,0.5591183920234605,0.2623287786510264,0.026918161876832842,0.013309600938416422,0.00031512,0.00038784000000000003
27NBZx-_gEQ,0.1908653065580764,0.5265912507271668,0.18411070116734538,0.044539533465192946,0.016179720480899745,0.03225812595695171,0.005450145433391507
0ytyMKa8aps,0.1287112564272607,0.15851622702916338,0.07002528893638876,0.2529134963737241,0.1511957235444091,0.19945927221929063,0.03909659975599026
1wMCAkmlcMw,0.14499432860717265,0.3164335991225899,0.05617047753469773,0.137645982763414,0.16742777207501977,0.11801036654477022,0.05919350954855542
4cUmx_ZBxEI,0.12637916998151574,0.5985781700554529,0.25760689641404805,0.00874288177449168,0.0022107204436229203,0.0064821613308687605,0.0
0lqoSJR8sLA,0.039837046937481996,0.6743232785940652,0.22892339093056757,0.02845814176894267,0.007114535442235667,0.021343606326707003,0.0
0jwjUBh-cIE,0.05392804948445629,0.6230528624758912,0.2290795659843151,0.05480783601702061,0.024540379748668278,0.012153645030078722,0.0024392592349133566
3ec7JE-Dk8c,0.05517498525073747,0.674134395280236,0.27069061946902656,0.0,0.0,0.0,0.0
2Ddk3GlEAEw,0.2211900814198997,0.40710934776986013,0.3147307930324624,0.026836644444444443,0.009822911111111112,0.017526544444444445,0.0027770333333333335
3gDc0QEpUvA,0.08770920594641313,0.43680707865168533,0.19251668217804668,0.1414835166119274,0.03537087915298185,0.10611263745894556,0.0
-wVCBN8r-8E,0.3826666666666667,0.22383333333333336,0.39350000000000007,0.0,0.0,0.0,0.0
4h6vodPXmcQ,0.012761694402420575,0.7123365960665659,0.23776434190620274,0.024758245083207262,0.012379122541603631,0.0,0.0
4TjRkn8eXuA,0.07786761120094453,0.6429320345987013,0.2792003542003542,0.0,0.0,0.0,0.0
4Go7OnLf6QM,0.13815344741617358,0.5220694581459565,0.25651118311637083,0.03277049388560158,0.015701716370808676,0.009875415936883626,0.024914773175542405
5hYYdWV8e_U,0.06944806435918821,0.6903460674694191,0.24020586817139283,0.0,0.0,0.0,0.0
4JILPREpglY,0.05682243797195254,0.6718691477885652,0.2713084142394822,0.0,0.0,0.0,0.0
5OPz-AVIEig,0.03791579452054794,0.48473030821917806,0.2047724891552511,0.22029908704337897,0.014974877853881281,0.023474311358447488,0.013703669520547947
5ks9Mh1zEP4,0.09294188348247578,0.6212787747949292,0.28373839727815064,0.0008934444444444444,0.0001275,0.0006384444444444445,0.00038297222222222226
3I7ubAezajc,0.5611047464803731,0.2747579056953048,0.10096937985635414,0.03158398398398398,0.007895995995995995,0.023687987987987984,0.0
4YclmzEb5a4,0.17577741894514423,0.32411396958398625,0.2416264261332121,0.13193419803441112,0.03163572840768536,0.09459160279325346,0.00031659716430358626
7Dg9mB5yP8E,0.1269932485844749,0.5526447031963471,0.2917628082191781,0.024013260000000005,0.00114192,0.0022875,0.00114192
6B-6ybN_yLY,0.12931196134796563,0.5797398066979697,0.2457811136354044,0.030950141202291465,0.004014235897822283,0.006306696591925029,0.00388496436281594
4OxVNakXykE,0.03673751912832372,0.722216975596286,0.24104550527539034,0.0,0.0,0.0,0.0
5TSAGlNy4tw,0.07174620297734627,0.44769177087378637,0.18145266780817884,0.17524663918799646,0.02505822306560753,0.0672369032892027,0.03150659795233892
4UEtEuI_iko,0.10307427792387541,0.5914717185697809,0.28328362048442907,0.011085191510957325,0.002771297877739331,0.008313893633217993,0.0
4irwUQXHhLA,0.39928065866358503,0.2009890943375706,0.3997302469988444,0.0,0.0,0.0,0.0
79czHhILm94,0.16671152050739954,0.5789697816772376,0.20187094432699082,0.022285510077519378,0.011536410852713178,0.016145432558139532,0.0024752
7vs7cjgDm-A,0.021215469613259673,0.7208287292817679,0.25795580110497235,0.0,0.0,0.0,0.0
5VHUGJ1TEcA,0.012700859369324366,0.6831524845333451,0.23963102935948152,0.03674461127794461,0.006940640640640641,0.02029615170726282,0.0005274607941274607
5oTyJETIE_E,0.3949169764560099,0.20698915737298637,0.39809386617100373,0.0,0.0,0.0,0.0
6PQIPYSeP1I,0.26400741201827577,0.492722771281636,0.20636593830164482,0.015323765563377577,0.014617344729623158,0.0034777309739671847,0.0034777309739671847
942IgsXuSpE,0.13547541510025063,0.541170856359649,0.24566413894110278,0.046957031954887214,0.027074099310776936,0.001833,0.0018217291666666666
9fRDen5tKmM,0.054753668903803135,0.6788199552572707,0.26477637583892616,0.0011,0.00055,0.0,0.0
7mGogJMlbDg,0.19318809566708148,0.519181678545555,0.25238783354071614,0.014772790333195077,0.010815793059588,0.0050682693875293795,0.004570619726254666
9k94LlW_sy4,0.046193441282369456,0.6477732953419371,0.23914693193805522,0.03474047690729498,0.014259036464765933,0.004854759788209106,0.013029370700903483
8Om5O71KAK0,0.19958085275437665,0.47557632746273215,0.32484281978289126,0.0,0.0,0.0,0.0
6LkGW9fHoHc,0.05019326269646537,0.68098426379236,0.2688224735111745,0.0,0.0,0.0,0.0
8AMeRsZCJYs,0.2368922189671361,0.3010501831611894,0.22227419605633802,0.0743615992488263,0.06868396763693271,0.0606558813771518,0.03607826115805947
8EOxtY3M6Co,0.18538728341438934,0.4992341153703122,0.3007675086381509,0.008198568251320546,0.0018572004448151238,0.004224715040311371,0.0003283847650820128
8eJyq7rTRAo,0.14060568035203522,0.6230114135973598,0.23243394605060508,0.0013965866666666665,0.0010917066666666665,0.0011299466666666667,0.00033002666666666667
9o55GvpN0Oc,0.00987591295986364,0.6999910548506577,0.24097573998171312,0.024344785203303243,0.005909713911169101,0.018200341020176942,0.0007050601872492198
7On7vRBGz78,0.16494251551004926,0.39967353674630257,0.20731310709139175,0.15140965673113385,0.07526918392112247,0.0008712888888888889,0.0005226444444444444
a83_WplEhi0,0.042418017907165186,0.6783316961147192,0.2501624677944833,0.014644137603827526,0.010376068637851584,0.0019403683085078434,0.002123854785017576
A8E91JVS0Yg,0.003535662448979592,0.7401616616326531,0.24446479591836734,0.00215152,0.0053788,0.00215152,0.00215152
8KWtSIDgbgg,0.39999999999999997,0.19999999999999998,0.39999999999999997,0.0,0.0,0.0,0.0
ah1CsGcBxBM,0.08213569209068011,0.5885493321914357,0.25988077440806046,0.02773406065491184,0.00606087516372796,0.017019105491183878,0.01861632
9KjFhykstys,0.005496679018732206,0.7124787357960044,0.24164985624447938,0.023913441757019743,0.004113566861273283,0.011904072838476507,0.00043803169307756465
aGLaHzdUYqw,0.000661183704842429,0.7492158724058418,0.25012294388931594,0.0,0.0,0.0,0.0
arMArpEUYE4,0.016435380003659576,0.6861868734325723,0.22069710140247775,0.03356774193548387,0.004790322580645162,0.02398709677419355,0.014388709677419356
CGZNoZIoISc,0.015811918419375397,0.6682863607393243,0.2246998087954111,0.024712045889101333,0.0037871255576800507,0.007012874442319949,0.055678266411727205
A0WeoOtEOeQ,0.10878697924550203,0.5934430118707681,0.2870469155503966,0.004688013333333333,0.002398333333333333,0.002933253333333334,0.0007014399999999999
bcUOe6hwfQE,0.06499540918163674,0.6665688123752495,0.2684357784431138,0.0,0.0,0.0,0.0
ck2P8azeuaA,0.027430204859456884,0.6722545974273463,0.2181145307289185,0.040158170557408286,0.02462991900905193,0.010053263458789903,0.007364459266317295
BAooQQozP4o,0.0002734731084776664,0.7496239744758432,0.2501025524156791,0.0,0.0,0.0,0.0
B5CoQl0vmBE,0.02866138448707256,0.7082499304976368,0.26,0.00154434250764526,0.000386085626911315,0.001158256880733945,0.0
bEgaUmjQT7A,0.15685216748768477,0.5138990311986864,0.29153328407224965,0.02514367816091954,0.01257183908045977,0.0,0.0
cOLa6AEfsv4,0.12582566323768274,0.5993232268543585,0.27485110990795886,0.0,0.0,0.0,0.0
AnCPYRGc5MA,0.01103920671243326,0.7348210907704043,0.2541397025171625,0.0,0.0,0.0,0.0
Bn7Fge6hys4,0.05289150554867021,0.5948969463166657,0.19022355873331834,0.08899515164850023,0.05805186344520442,0.007594794794794795,0.0073330497163830504
bhanqqnFRP8,0.02364616811594203,0.6949289855072465,0.24056772637681162,0.02594477333333334,0.0038255200000000002,0.010437973333333333,0.00064064
B4bvu7fBhzo,0.16889167030303032,0.4740305793939393,0.27148786424242427,0.03233146181818182,0.013209648484848485,0.024144407272727274,0.015942191515151517
AmlrcFsBvT0,0.40339168490153177,0.19886943836615611,0.39773887673231223,0.0,0.0,0.0,0.0
CNn30HQ3T7A,0.20381214,0.46610278,0.32139,0.00158032,0.0039508,0.00158032,0.00158032
AbvTt5TiBXk,0.11772062674677347,0.31442747872719184,0.05273751076991544,0.16286124778222813,0.11481241768283637,0.11929881289126242,0.11817857846016912
cHNK9gEmzqM,0.07186254834601138,0.6430000757566905,0.26725172357831245,0.008127861194527861,0.0028239239239239242,0.004788421755088422,0.0021512846179512846
c3mTRkyU2lY,0.12784751559157195,0.5766962699218827,0.2700878321336042,0.011305238970588235,0.004598184742647058,0.008675804227941177,0.0007875
c0EKDhMwLLc,0.047977070580790177,0.7072760138210783,0.2447469155981316,0.0,0.0,0.0,0.0
cVqwswSJWIU,0.04505606523955148,0.6880479102956167,0.2668960244648318,0.0,0.0,0.0,0.0
ce8EV6nsH6k,0.2528390658174097,0.5600522292993632,0.1871087048832272,0.0,0.0,0.0,0.0
cJGAFHbBGpg,0.0459442254947116,0.6665795812430757,0.25174077485798696,0.03000512927439533,0.0014268557130942452,0.002858284681679177,0.0014268557130942452
BNTexr6w2-c,0.041324748060944376,0.6859194317698749,0.25746450397227494,0.007538206645636775,0.002480525856463143,0.003265398732065399,0.0020138360582805026
CmbpMjHxSrM,0.13343163521703524,0.5417473052907453,0.2890181636363637,0.012698359279279276,0.003822587927927928,0.006227154594594594,0.013049887027027028
CEbCNktSdO4,0.18379695010660985,0.42080565742715004,0.2944847965884862,0.05045629793887705,0.012614074484719262,0.03784222345415779,0.0
CqskvKhA5eA,0.030047104060047763,0.6352021494370522,0.22895898208802457,0.07112993419481406,0.017926067788297508,0.01530024537273968,0.0014173459570112588
cXx3IedNhZA,0.040330644039678315,0.6308926215935562,0.21094790584977502,0.07789542299308656,0.03890260805977317,0.0006376376376376375,0.0003930930930930931
daij_q5Yu0o,0.06397915449781659,0.6484537706550219,0.2624376697816594,0.01376515004366812,0.004841055021834061,0.00408304,0.00244922
dFZVnsfj_S8,0.08753952676613228,0.5080209310227658,0.17974985636178295,0.14211939579279032,0.065816328421833,0.010486738949124271,0.006290492076730609
D5dcpAWmxCk,0.17829513025641028,0.4859838858741259,0.3119353303496504,0.015313579487179487,0.0019648611655011653,0.003542367272727272,0.0029576189277389277
D_yg6ziSjh0,0.11171863798045603,0.5910126345711185,0.2706922447122693,0.012234171639522258,0.002903782823018458,0.007080625993485342,0.004371897263843648
d133JJqxHvc,0.1986149413635354,0.2741898112369532,0.26132323839218297,0.14415357783699753,0.03042432445924939,0.08995848004441484,0.00131872
E3O-1mEA560,0.20462907725220808,0.3486891069676153,0.15032916847890088,0.1504979436506379,0.036562250912659466,0.10845863273797841,0.00082974
d4qCuZ27_xI,0.05577641735700198,0.6163118530966469,0.24377334224852074,0.06059412007889546,0.007047631163708087,0.013122918500986194,0.0033448092307692312
DT6yvJvare8,0.1576767466666667,0.52614,0.30367674666666666,0.006836586666666666,0.00229248,0.0033774399999999998,0.0
cQmOmeTK-HM,0.00022002200220022007,0.7496974697469747,0.25008250825082506,0.0,0.0,0.0,0.0
de56W-F93nw,0.1942701337724839,0.3699219639641116,0.14861579278780374,0.1850465878749618,0.03529196833425133,0.04252760760568272,0.02424538370149089
dZZyJ_wgQ2M,0.6521975642286947,0.2293347553398058,0.07346605376483281,0.012667413333333334,0.016511786666666667,0.009172960000000003,0.006640533333333334
e-55qy6PFio,0.016572172266919073,0.7272132631329863,0.2562145646000947,0.0,0.0,0.0,0.0
DmaCx78usPc,0.05709786223814002,0.5066443582832472,0.21558919679058572,0.09904666277027388,0.01643143177448733,0.028998696432724208,0.07614327019118686
dJNGi-bt9NM,0.4000000000000001,0.20000000000000004,0.4000000000000001,0.0,0.0,0.0,0.0
EH8xI-v5p3E,0.0566787191460974,0.6523849232821881,0.21803629086057372,0.047957705136757844,0.02349709806537692,0.001445263509006004,0.0
DpLR2uJSF1Q,0.0049102841403494985,0.7425332052640876,0.250208596014315,0.0009514736959181405,0.00021006562117673231,0.0005931264597931266,0.0005931264597931263
EEi-gCrCAZw,0.024349031900972592,0.6969409966401415,0.2430808179310345,0.023400785605658708,0.01136158026525199,0.0006982026878868259,0.00016909655172413793
dmlgAKIZ28o,0.07914407403585014,0.6145118970884826,0.2138637152286868,0.01762668223779335,0.041341941941941934,0.016945890334779223,0.01653137582026471
en0A6LDm35E,0.21185428571428572,0.4587003571428572,0.32944535714285716,0.0,0.0,0.0,0.0
DkRs6pPJ2k4,0.09282202445650227,0.47757827570059325,0.16229242475665936,0.17820485005749667,0.08910242502874834,0.0,0.0
dUm-iX3MI6g,0.3788731662024141,0.2290493964716806,0.3920774373259053,0.0,0.0,0.0,0.0
F3Tw9rwiZNw,0.18045165843330982,0.5845800988002823,0.2349682427664079,0.0,0.0,0.0,0.0
E41uFvssCPQ,0.23176173079640894,0.3228834773588184,0.302916755447437,0.10440475214596004,0.01135074915725456,0.020122901361135245,0.0065019796350999125
eDYqsJ6JYzk,0.04680779564647308,0.6762083305912603,0.2576086540981581,0.004822333444555666,0.0035045601156712273,0.005643754865977088,0.005404571237904572
Ef1jYWQrBzg,0.13008348736342584,0.6386071244341383,0.21874508461611394,0.009954462051709759,0.0015110925771476228,0.0007297748123436197,0.0003643035863219349
gdj-s7fp-oQ,0.0034177325581395347,0.7144622093023256,0.24142645348837208,0.020346802325581396,0.005086700581395349,0.015260101744186048,0.0
fda3k_iMzwI,0.10286627232142857,0.5214423363095237,0.24945109375,0.06971334077380952,0.024021527157738094,0.032505429687500004,0.0
fsEeDLn6Uso,0.028232758620689653,0.6674030172413794,0.22354525862068966,0.05387931034482758,0.02693965517241379,0.0,0.0
eVGe3sMnns4,0.1433960180392157,0.47902898300653607,0.19018568801742922,0.046950430239651425,0.06529231538126362,0.04028300043572985,0.03484484784313725
Exc7GY7k7Y4,0.03968148572464565,0.6955796162250882,0.23330704770280877,0.01924204281352643,0.008336628343179402,0.003853179190751445,0.0
EJRdDhnTRoo,0.0002259887005649718,0.7496892655367231,0.25008474576271184,0.0,0.0,0.0,0.0
FmIi4BwNoTw,0.18862148760330577,0.6064677685950413,0.2049107438016529,0.0,0.0,0.0,0.0
fUxcq2VX6N8,0.006153313142437592,0.7338373715124816,0.24579056534508076,0.009479166666666667,0.0047395833333333335,0.0,0.0
ewQ7Rm4GsAI,0.12959083954222841,0.5428697432169654,0.2780868970924527,0.02968690598412821,0.015416392552503664,0.0020604166666666666,0.0022888049450549455
gRj3lEl4naE,0.25540725948608134,0.3816379281798715,0.33519295430406854,0.012493423940042828,0.005137735674518201,0.008951408008565311,0.0011774920770877945
gXytqVIdFSw,0.005057758986175115,0.7311683188940092,0.24173172211981567,0.0096492,0.001377,0.0068952,0.0041361
EkBWgYOq4B4,0.3866299209084618,0.4554804150293657,0.15107344784595625,0.0012388388388388388,0.003097097097097097,0.0012388388388388388,0.0012388388388388388
FNuquyLiXKg,0.10140637552252796,0.6193159556006904,0.2176682817118389,0.028008675342008675,0.004984262039817595,0.01909047936825715,0.009561339116894673
FuClTNnOics,0.054545362656282195,0.6611511128160554,0.2536665584079377,0.007269301433094537,0.012848985035191933,0.005305107772349152,0.005201537587744485
g0cU7Xz2Hi8,0.07074196477466504,0.6394104382785221,0.25987522530247664,0.014353590742996348,0.006056879951278928,0.0086665280227365,0.0008937402517255381
gFM60VPkfvM,0.014997082911254568,0.729379010997025,0.2556239060917205,0.0,0.0,0.0,0.0
gF8ot5ulkBc,0.1898040777777778,0.42234542222222227,0.2962410555555555,0.03369982222222222,0.013837544444444443,0.028471500000000007,0.015600877777777777
fHZdWex_B2k,0.013292443082457089,0.7091731354507551,0.2474681552005216,0.024509142475809143,0.0024487153820487153,0.0020645645645645644,0.0010306306306306307
h97NiU7VP7w,0.020842116553450127,0.7105428673578834,0.2485861279942796,0.009320271719699678,0.0019048981051126206,0.005510475509474437,0.0033054701465856278
FIgksa3x11w,0.13969551591725507,0.29679900788934593,0.21573011093590805,0.17308706328030005,0.04356871862572346,0.13008996610880671,0.0010304843304843304
frXGpmF1SEs,0.049345771777969914,0.6368170544125137,0.2462222800716093,0.056713123649965745,0.002800680556717708,0.005380638636572589,0.002686014807377036
H3EmjxUGJVg,0.1473399055712937,0.5499076298394713,0.30275246458923516,0.0,0.0,0.0,0.0
h5wB0_odPPc,0.18343845141261866,0.4514345193076494,0.306751189279732,0.048905893333333346,0.00241808,0.004675386666666667,0.0023466666666666666
H5-exbEx4RI,0.04730509583917719,0.7076638265544647,0.24503107760635812,0.0,0.0,0.0,0.0
giE_KFEoHG4,0.13402890668446224,0.5575780257381565,0.29291944624362926,0.006533702329780761,0.0019041656035120088,0.004322968720354341,0.002720996813807272
gWYQfA8jD-U,0.4000000000000001,0.20000000000000004,0.4000000000000001,0.0,0.0,0.0,0.0
GxyYnhR9FW4,0.02061190739126223,0.7008723205284139,0.2411039662960452,0.012869099422002648,0.010497555135780944,0.01044294902429311,0.00359652986319653
HmOUhS2-BDw,0.14532190737018427,0.4595890232830821,0.2288238396649916,0.07278145889447236,0.027611570552763816,0.0553176725963149,0.010565633701842546
hJx0Tw8E0qQ,0.10817496398513914,0.4973228953420781,0.1910818055450249,0.13487227234816893,0.06688017287133217,0.0016678899082568808,0.0
HlNfP3iywvI,0.21433732346072185,0.5071432164543525,0.17141215498938428,0.021466906157112532,0.04816726539278132,0.01871690615711253,0.01871690615711253
hAuLt6MpijA,0.0026666666666666674,0.7463333333333333,0.251,0.0,0.0,0.0,0.0
hKiLP0cpyBI,0.1143475275031686,0.5160785102154626,0.2590657571102662,0.05138111011406845,0.012430601723700889,0.036158,0.01053632
H87IpEgUnmo,0.11071981941309256,0.5964425432656132,0.2910988261851016,0.0008694055680963131,0.00021735139202407828,0.0006520541760722348,0.0
HaukqQ85uSY,0.05580122699386503,0.00011685655857434999,0.05580122699386503,0.44414034472684777,0.11103508618171194,0.33310525854513584,0.0
hE1lSYd_Ua4,0.08762288639764304,0.6357574089698964,0.2762026208820435,0.00027805583361138915,0.00013902791680569458,0.0,0.0
HTcI-N0qxG8,0.09073049391491654,0.041527194399569194,0.15108709818704005,0.3905209774905762,0.07884493182552504,0.12578580039490217,0.1213107875067313
hRljdNpxZ5M,0.0007640644361833953,0.7489494114002478,0.2502865241635688,0.0,0.0,0.0,0.0
hs_wTr7g0_o,0.057082664252873554,0.6458393103448273,0.26469061781609193,0.0270692016091954,0.0013001744827586207,0.002662787356321839,0.0013390394252873563
ieBhINqUAyQ,0.19097109245172986,0.5317911128948309,0.18483796553518908,0.057147812713602184,0.026159364319890636,0.006275393028024607,0.0028166780587833215
HrsnHoARCkY,0.11772970709455229,0.5356719498577424,0.2768995456815129,0.034744402586296935,0.00860686567389664,0.026032150495538475,0.0003165495706479313
HLelVISFuUs,0.3760284392562652,0.27862880383724065,0.2515758770358394,0.05626619158178389,0.01955769292374023,0.01023178523309081,0.0076729718997574775
huC3s9lsf4k,0.4000000000000001,0.20000000000000004,0.4000000000000001,0.0,0.0,0.0,0.0
Ir3b06tzyRc,0.05713804713804714,0.6714351851851852,0.27142676767676766,0.0,0.0,0.0,0.0
HuXJkgFUDdc,0.0810603078058661,0.5663927135369293,0.25422361443285585,0.054779738826102674,0.010862935818563476,0.031117206121245054,0.0015539199332777313
IXf8GtrS8RU,0.24129097217966264,0.3896224151872961,0.28910896678991915,0.01755791982458649,0.03183218694885361,0.014714843414843417,0.015845173745173743
id5XLeZmcUA,0.09832227434158265,0.5928585694469906,0.22190795621142687,0.032404373333333326,0.009264626666666668,0.019607453333333334,0.025628519999999995
ib798fa28xA,0.07320375616613418,0.040398998935037275,0.07317042283280084,0.4066134110330138,0.10165335275825345,0.30496005827476036,0.0
il81ZlxU7JM,0.024133333333333333,0.7168166666666667,0.25905,0.0,0.0,0.0,0.0
IfuEMr27jSo,0.8110727952305935,0.1259114064039221,0.04640176245236602,0.01008764473718602,0.004302537964923286,0.0022238532110091746,0.0
IzHhkZTs5Vk,0.03005866041222989,0.7034811865548469,0.2564008498208218,0.0067062021414009305,0.0033531010707004653,0.0,0.0
Ifvf4pEnHgE,0.11555859217100868,0.3067243754175017,0.19630750666666666,0.17992374249833,0.04363367861055444,0.12910469314629258,0.028741482965931864
IVjmIovOPek,0.2879837371801562,0.35080257730862124,0.3477774337398827,0.008710350777779598,0.004540440887916767,9.263274951348348e-05,9.263274951348348e-05
jEyIs4R1Lt8,0.03224467514395393,0.4520249520153551,0.18879310380678185,0.20673084716890594,0.029931063739603324,0.08071560260716573,0.009489149952015356
IZCJWTdOBp8,0.22711687619047624,0.41753420952380954,0.32552105142857135,0.00882912761904762,0.0016469790476190476,0.003647680000000001,0.015700914285714285
jm8ZsGvwn-g,0.04064859376830892,0.6937842835685752,0.25440648266311583,0.00693936,0.00334848,9.696000000000001e-05,0.00077568
jE5dvscRTNE,0.005636568708874662,0.7283202485580278,0.24019243203263552,0.011316432282571443,0.001614924268654487,0.00808658374526247,0.004850754006958478
jA-B5tdPs94,0.00025828669823504095,0.7496448557899269,0.25009685751183813,0.0,0.0,0.0,0.0
iM_I6rtIgn0,0.2110234276640707,0.385068094098827,0.2593388984824068,0.08817877436774836,0.034668778215567804,0.01684306766340809,0.0048712426469022215
j9OjYncK9Co,0.18919192183968464,0.2328626359877355,0.22937401170389837,0.16998949620674553,0.04800314000876041,0.12810268874288225,0.002471039684625494
jBRfn-T50HY,0.40371803683280305,0.3187274789819724,0.14025899034287734,0.06273922024743726,0.019027652343584306,0.04566038176033934,0.009863102778366915
ImynFFR_KmM,0.04251527968654584,0.6868206629368387,0.2611524147121046,0.00449065872073624,0.003443224196712569,0.0008245063103977833,0.0007523007715255778
kkb0xVFMqpE,0.03417104888467015,0.6942924537256762,0.25218894162316086,0.01185794969150451,0.005677313716184148,0.00020132890365448506,0.0016106312292358802
jWCx_3HAra4,0.04711369315342329,0.6901145052473763,0.26277180159920044,0.0,0.0,0.0,0.0
kjOCHWv8bFs,0.06036036665148064,0.6557711632801821,0.269682305284738,0.01158918820045558,0.0006243794077448747,0.0013359553986332577,0.0006297906150341685
JGHjeeJ90E4,0.0450650524006577,0.6875854694208632,0.2667555590338083,0.0002969595723354494,7.423989308386235e-05,0.00022271967925158704,0.0
jcb-xAvJKqE,0.19552659618113455,0.1788474970671898,0.16811038189962396,0.20671099879025664,0.10196753939512831,0.04732056,0.10150007999999999
JSSTfbbreT4,0.14586789713852766,0.507383116008123,0.2811845371346297,0.0360034377104118,0.013120276303915645,0.010107424852977089,0.0063098078080927504
kMx0YIvi-54,0.18993317414274322,0.4482588747009569,0.2754172149122807,0.03723559250398724,0.033878454944178626,0.007630329346092504,0.007630329346092504
JhkG9uKGUgU,0.19159550797049726,0.49404129431358557,0.2644911063526053,0.03324806090887462,0.01662403045443731,0.0,0.0
KaGSYGhUkvM,0.2394947288517418,0.39532397302220024,0.22171898779825416,0.07598027443787181,0.02235256367257412,0.027482061415355023,0.017640328634874653
JO1P2LWmxHo,0.16615595186165522,0.454107683077466,0.28857719767072526,0.04557958369507676,0.01139489592376919,0.03418468777130757,0.0
KoSRAzSjmRM,0.31863061589598646,0.3624651953872245,0.19951230274731488,0.05831388298473714,0.014405760746184286,0.04298700223855286,0.00368448
kUEhyLaDcA4,0.07813186693186694,0.590656704323371,0.21222988052988054,0.04740043376710044,0.012237037037037036,0.02132222222222222,0.03801401401401401
knL_EmCr9ms,0.03204688384509891,0.6276018699297179,0.2053296540990272,0.06109927388569819,0.011281268345692957,0.04261883632289959,0.02008590604826275
ki_tW3u81mI,0.26557497290679954,0.4759506516548955,0.22443293166597428,0.022118815848220473,0.007334814590776901,0.0013413466666666665,0.0032415999999999994
KsH3Gc73GwI,0.23792978523695035,0.42063169491253616,0.18458270257351256,0.06678495518215145,0.0307626370807835,0.03947753900985988,0.019868532595791164
Kp-RlN9Tkj0,0.1062570118387969,0.3407739229940323,0.14612931091382825,0.20324259705971906,0.04939767924573025,0.14753239282998842,0.006662413232905036
KQMNVmaIakI,0.08273939987418247,0.6666433196481504,0.23097255072375847,0.011207997369350027,0.0021209315595789027,0.0039016697857277567,0.002418797057927493
KWGM4246b-g,0.11678730709996533,0.583367937788191,0.25171303476472257,0.01274215360354601,0.009534276508960054,0.007192738595903153,0.018652746186923398
LnC6o3235Qs,0.026877802690582958,0.6704596412556054,0.22404708520179373,0.05241031390134529,0.026205156950672645,0.0,0.0
L5nxmV1NPYk,0.08215188735825271,0.6261767008450319,0.2712422826675864,0.012814280947614281,0.007010677344010678,0.00030176843510176847,0.00030176843510176847
Ks6Kf66TQG8,0.09432696547945206,0.5318406392694065,0.20418194264840184,0.12419694624048708,0.011444864414003043,0.029328763713850837,0.004620639269406392
ksoXYFKSvPQ,0.0862356530116975,0.2375054203084212,0.14821848810393629,0.3402940960362769,0.046500907879810996,0.11456900474397563,0.026539911972508014
LEQDnxjEE78,0.1061017170215087,0.6490022073355407,0.24058460736377404,0.002305899328815995,0.000726640021431688,0.001278928928928929,0.0
KWu58M65uKs,0.08239102655962535,0.5980744522763005,0.21886607110219097,0.05375649115236662,0.01677511890951664,0.023694693333333332,0.006440893333333334
lcpAXz0ixuI,0.31627233013833955,0.19923455115316244,0.331566214584076,0.07646345206221106,0.019115863015552764,0.05734758904665829,0.0
lNmzRn7TdDA,0.1421425367808179,0.5618529775586745,0.29600448566050774,0.0,0.0,0.0,0.0
l56DWdrCkIU,0.044881214336917566,0.6833822580645162,0.25787314982078857,0.007876133333333334,0.002913477777777778,0.003073766666666667,0.0
LN7bsEpNQPw,0.09152692770099957,0.5888425303780964,0.20844057394176443,0.048949748179052587,0.007234898496305955,0.03489472451977402,0.02018526484137332
lKNQrzE2H14,0.03869141785878097,0.6927237856812944,0.25332774406651287,0.008722056702876428,0.0033707305608522385,0.0019805955811719503,0.0011880643611911624
LWIb7CMQXWM,0.01730140508221226,0.7262105680119582,0.2564880269058296,0.0,0.0,0.0,0.0
ljbGSmv0EFQ,0.006442788888888889,0.7410649444444443,0.25233802222222224,5.2622222222222224e-05,3.2444444444444446e-05,4.062222222222222e-05,2.8600000000000004e-05
LlImWSVnJ-s,0.24291117331417358,0.029105306679677388,0.013721679981532512,0.47617456001641106,0.23808728000820553,0.0,0.0
MKC-lFGYSRs,0.000855920114122682,0.7488231098430813,0.250320970042796,0.0,0.0,0.0,0.0
LugWudrp0iw,0.1732349250725164,0.36778794382090507,0.12572716401119324,0.15189596309138131,0.02690176806267477,0.08765307452277964,0.06686053469757479
LpUnv6bD92I,0.0526620108108108,0.6814551351351351,0.2591107207207207,0.0056862,0.0002704,0.0005416666666666666,0.0002704
lnXRB22nBjo,0.01043688635434667,0.7135130158939682,0.24579020087591516,0.015484169325439166,0.003693765054082515,0.011039786987406036,4.164164164164163e-05
MwlASIIX7Mc,0.13390928725701945,0.5658747300215983,0.3002159827213823,0.0,0.0,0.0,0.0
LtXKjex08Bg,0.018171389763779525,0.7248849571303588,0.25670354199475065,0.00010511111111111112,1.5e-05,7.511111111111112e-05,4.505555555555556e-05
My6J1HRRSBs,0.010414685314685316,0.7082444324905861,0.23042544378698224,0.022288757396449702,0.0031807423345884887,0.015927272727272727,0.009554007530930608
Lu8FFmL3Q6M,0.08900471368421053,0.466266414736842,0.09687045824561405,0.10000998105263159,0.09803976491228071,0.08009205473684211,0.0697369192982456
mDkgD_Cn5gk,0.03171456953370976,0.6941924877453367,0.2514518349465125,0.009911378044711379,0.0014144144144144144,0.007082549215882549,0.004248481815148482
Mn6lp7q9KYE,0.050125773922701025,0.6600165755664148,0.2509519622834296,0.02484885881830298,0.011680829409151489,0.0014872000000000002,0.0008921000000000001
mg6vQMxikNA,0.9992546583850933,0.00024844720496894416,0.0004968944099378883,0.0,0.0,0.0,0.0
LuYmERZ3x6o,0.3873563007451896,0.19739874318763206,0.3853178956734512,0.012423445667890111,0.006369725280836392,0.009680235791346904,0.0014506061617172727
MbjHAGqTbnw,0.0620340630007391,0.6116508683518108,0.21527462409460454,0.03573220552845529,0.03643636183296379,0.02456006879526977,0.014281767243163343
MwPMX02N6LE,0.062114504217119004,0.6969540415866388,0.2359356941962422,0.00325136,0.0015716,0.00010816,6.488e-05
m_GverfEMUE,0.0008097165991902835,0.7488866396761134,0.2503036437246963,0.0,0.0,0.0,0.0
mPRtaGv8zds,0.09709333333333332,0.0026666666666666674,0.16596266666666667,0.16062933333333332,0.13773866666666668,0.20650933333333332,0.22940000000000002
MNfmAAdLJ5I,0.36961033255477704,0.32122906239572907,0.19934378823267712,0.019959070181292404,0.04989767545323101,0.019959070181292404,0.019959070181292404
M401OBEh_fk,0.1319011521914098,0.5575919898330515,0.2923115429499272,0.008318921326967781,0.00249018258776773,0.005457937918562833,0.001933900179731785
O19ZFGB8hmA,0.3100085543199316,0.3237382378100941,0.36625320786997434,0.0,0.0,0.0,0.0
LyH3xOdgzGM,0.13405496541532597,0.6073279287331665,0.23286902214277205,0.012874041854367775,0.003218510463591944,0.009655531390775832,0.0
NHW91AP4h2o,0.1299860286328725,0.5855696774193548,0.2342085560675883,0.04218027594470046,0.0020058293087557603,0.004018087557603686,0.0020058293087557603
mK8CZW6jxy8,0.37886919999999996,0.2145718666666667,0.3730294222222222,0.006929955555555557,0.013955111111111114,0.006521955555555558,0.006113200000000002
o5WLUOn0qb0,0.6158526089385475,0.21799650325884543,0.13843470530726257,0.008691012104283054,0.008812155260707636,0.007255970437616388,0.0029508454376163877
n8fTmRz6nRc,0.07182134756874889,0.536047375061658,0.21593088057772505,0.04761938332431688,0.0069146887313260895,0.013516002344665885,0.10812801875732705
o2cIeyS53OI,0.12487472413793103,0.38671237931034486,0.03270689655172414,0.08282400000000001,0.20706000000000002,0.08282400000000001,0.08282400000000001
nShmwmQgm7A,0.04076588307276832,0.552805338515721,0.21326755890941682,0.13763840764261528,0.02694234334256192,0.016184750378794098,0.012336681834058885
oAxUsovq0X4,0.011046318710215294,0.7348113117734539,0.25414236951633074,0.0,0.0,0.0,0.0
OAFwKXvFb2A,0.062285714285714285,0.703047619047619,0.23466666666666666,0.0,0.0,0.0,0.0
Nytzzg5hyKA,0.08589841490223302,0.6466106965174129,0.267490888580354,0.0,0.0,0.0,0.0
Nneg36eE6z4,0.09958399168853893,0.5543089348206474,0.26033066316710407,0.04500073840769904,0.01361917825896763,0.025487003718285214,0.0016619107611548559
O6AEbxthQ1k,0.10609495861550038,0.6206436042136946,0.27326143717080514,0.0,0.0,0.0,0.0
NReBe-LaOfE,0.07919699688265419,0.6497822979291918,0.2570877051881541,0.006821444444444446,0.0017162222222222223,0.0026953888888888887,0.002696833333333333
o7GNADQnYmk,0.18047620954287621,0.49279279279279287,0.3153459014570126,0.00955945945945946,0.00045458792125458797,0.0009106328550772995,0.00045458792125458797
ol6_6MkwdGQ,0.03610674297258297,0.5394734870995671,0.1961468875036075,0.12270856161616159,0.03975846080808081,0.06425418000000001,0.00155136
OEiNJNkSRoU,0.006197964847363553,0.741477798334875,0.25232423681776134,0.0,0.0,0.0,0.0
np5fI7tvHtw,0.024567338969394205,0.701737775485367,0.24501487219855878,0.024081081081081084,0.001145145145145145,0.0022939606272939605,0.001145145145145145
nISQbh8rrv8,0.039802957303748526,0.4942067380063877,0.19128873854429318,0.14203925138678766,0.03279291754916793,0.09838946048075307,0.00147571729702471
PCyODrUXQ_Y,0.28818918083462136,0.4923686759402369,0.20076960329726945,0.005026584234930447,0.0007180834621329211,0.0014361669242658423,0.011489335394126738
oJWRnaOAodo,0.23683870206489677,0.551666843657817,0.21149445427728614,0.0,0.0,0.0,0.0
OSFbHBI5_8I,0.010437741661945233,0.7359013619830028,0.25250853635505194,0.00020944000000000003,0.0005236,0.00020944000000000003,0.00020944000000000003
odpAZjAE0VU,0.05092606917563288,0.6187898986828597,0.24384848548373853,0.04199110221332444,0.009572072072072073,0.031187798910021134,0.00369825380936492
P2CyCJZHSM0,0.054471150828247605,0.6386165911072362,0.22570811682650394,0.054136094158674805,0.027068047079337403,0.0,0.0
oRY7XZhpBNc,0.0015613934099616858,0.7468652107279694,0.25026982252873564,0.0006517866666666665,0.00016294666666666664,0.0004888399999999999,0.0
O9Mrjqwbd2w,0.00014550745725718447,0.7497999272462713,0.2500545652964714,0.0,0.0,0.0,0.0
p-gQaMjaxQs,0.034404153799748635,0.6801969868286553,0.2519126220276498,0.01022819499790532,0.0012909002010892334,0.002582072710515291,0.01938000020108923
pftf_EmPjMA,0.018220734199190215,0.7249464904761134,0.25683277532469634,0.0,0.0,0.0,0.0
PAPpkIlkQV0,0.3879795128461795,0.20450450450450453,0.3916498498498498,0.007933066399733067,0.0019832665999332667,0.0059497997997998,0.0
OL5XntylYqQ,0.3242117473983868,0.43572639265031904,0.23277088008253652,0.0045820042264486695,0.0022236013791569345,5.392058725392059e-05,0.00043136469803136464
Pe6bSHtQ2tw,0.09763026651216686,0.5932133371958285,0.26222707995365,0.031286210892236384,0.015643105446118192,0.0,0.0
omSrgmrfa3A,0.004174349878579486,0.7337204503597251,0.24255457300200503,0.008973424179466477,0.0017123377153588633,0.00554874874874875,0.0033284284284284286
ObMGTm34znY,0.1089445026038846,0.5696103865664123,0.2681929706113116,0.032106633739837825,0.005718177465445706,0.012996442571110647,0.0024222222222222223
psp96L4C5Dg,0.007632550935303229,0.7395052424639581,0.2528622066007387,0.0,0.0,0.0,0.0
Os_QpaN5hhs,0.1417126675524009,0.5880669135155357,0.2380366204588427,0.009844626509337621,0.005778889960667738,0.005749227457760791,0.01080572121212121
q4oBlAk8JuM,0.019211465798045602,0.7240842345276872,0.2567042996742671,0.0,0.0,0.0,0.0
PhGhQcKXCas,0.1042244078514589,0.028237170645446508,0.1042244078514589,0.3816570068258179,0.09541425170645447,0.2862427551193634,0.0
Q5z5fSGrBOY,0.05208297805642634,0.6148636677115987,0.23295633228840124,0.07264310344827586,0.02265423197492163,0.0033633228840125387,0.001418181818181818
QwF6jxMaV3Y,0.1914546327412386,0.5857657225156025,0.22277964474315892,0.0,0.0,0.0,0.0
pyJgNi_T44Y,0.16632154058820728,0.5174872777539444,0.3111496067496068,0.0025207874541207874,0.0006301968635301969,0.0018905905905905905,0.0
QCAXWMJjpQ4,0.15107727272727273,0.6358154958677685,0.21229328512396692,0.00021911157024793386,3.1301652892561985e-05,6.260330578512397e-05,0.0005008264462809918
Qw8U76ayxXc,0.13951822307692308,0.620979303076923,0.21015213384615386,0.00962042,0.0018640600000000003,0.0045252800000000004,0.013337819999999998
PQgCvnEZvqs,0.05113077466565734,0.6084205854150895,0.20886476406762552,0.08772258390108505,0.04386129195054252,0.0,0.0
Pxk3iZk0ZTA,0.2903628733855451,0.32789173508856306,0.35157601094137303,0.016634148173827322,0.0033830783278605016,0.00996766701027041,0.00018215179316096746
qEymguiya-o,0.20021632125751776,0.08134356594860578,0.06146563127392017,0.23084711408419903,0.04770536730453801,0.1191119602733734,0.2592553817933297
Pkr-9iCr5gc,0.15914550573211436,0.53608169206211,0.2954127673777391,0.006240023218691046,0.003120011609345523,0.0,0.0
qjbrdNHhEZc,0.19401690605009633,0.5819947398843931,0.20939696385356454,0.007295695105973025,0.0018239237764932563,0.005471771329479768,0.0
QPeYbmX6Qpw,0.07618265086712056,0.5997265992921297,0.20979657601816692,0.0504787098393159,0.013184254933307963,0.028590299959049957,0.022036363636363635
Qq-mpxbEobc,0.05517168798957881,0.40392739343465045,0.17594880806773774,0.19581212231003037,0.05051746763352149,0.11738990056448109,0.00122064
PEH2FtIkAus,0.38380916400876564,0.31853732467089235,0.12061923125234197,0.08851714003400002,0.022129285008500005,0.06638785502550001,0.0
qZdCvcOhbV8,0.033284637681159426,0.7042336231884059,0.26248173913043477,0.0,0.0,0.0,0.0
Q6vh507CoUs,0.06780872794800372,0.6567629990714949,0.27542827298050143,0.0,0.0,0.0,0.0
qVbwG1ZssJ8,0.07211690016638936,0.5155750138657794,0.2265331231281198,0.0910279556295064,0.022202288408208544,0.06797084193011649,0.004589475873544094
qS69rKdzlS8,0.03711417630853995,0.6712044628099174,0.24069514490358127,0.03376858842975207,0.016923094214876037,0.00013953333333333333,0.000155
Rd6ciG7aTSQ,0.15868383233532934,0.5318097305389222,0.3095064371257485,0.0,0.0,0.0,0.0
R-czjUcYruo,0.054852984895635684,0.6544074573055029,0.26414077237191647,0.016829665958254268,0.0024406171537001897,0.006908168349146111,0.0004150132827324478
REr2lYJH2mI,0.19263878902137235,0.3850513883014623,0.28161079934758154,0.07299598166479189,0.019459710416197974,0.04166155124859393,0.00657696
QY3vvbRZlEY,0.02970251840422024,0.540356544675239,0.21920938273656446,0.14740402269699968,0.015488400395647875,0.02858717781734256,0.01917113681503462
r0931-fyW3w,0.12801249400145104,0.6478395691630866,0.22100199088951647,0.0005717717717717718,0.0014294294294294296,0.0005717717717717718,0.0005717717717717718
QufT73SJ_NE,0.08255212617982616,0.5788100054988283,0.25057388742157516,0.0658051571771649,0.017318861538198733,0.0032810588366143922,0.0016379045712379048
RxDCCV3eioo,0.00714306956296871,0.7441642746314973,0.248442655805534,0.00016666666666666666,8.333333333333333e-05,0.0,0.0
RdEjt4Sqt44,0.0719189289722967,0.5251160170151922,0.23314151728328866,0.11252058387846291,0.014195057730116175,0.03766452950848973,0.0053994441823056296
rkesVDXC1Ek,0.41157066368187323,0.42577933039160276,0.14352113443681874,0.0034766486556318133,0.008691621639079532,0.0034766486556318133,0.0034766486556318133
RJgtRb5pNm4,0.22285343131495866,0.35289425325426477,0.3030519002183937,0.057748372437689606,0.014080711728041019,0.04176696000894788,0.007602802802802802
RYvAtxwouVE,0.047502487135506,0.6895664665523156,0.2304185677530017,0.017511963979416807,0.00774901372212693,0.0008055746140651801,0.006444596912521441
RZoPrgyJPSY,0.1914296963630297,0.48642275608942276,0.3212578578578578,0.0004448448448448449,0.00011121121121121123,0.0003336336336336337,0.0
rhxeFaIrRcI,0.0008221932114882507,0.7483819843342037,0.24989582245430808,0.0006,0.0003,0.0,0.0
RBTiTcHm_ac,0.08066927138982187,0.5998400773918204,0.2364648883078241,0.050145802658371465,0.010630145767118244,0.014882901517029958,0.007352466845494368
rHJg2yh89wQ,0.07559392234604105,0.6362408058911697,0.2667004065428478,0.009508345702183122,0.0014733195177582274,0.006561706666666667,0.003936053333333333
ryMW8EltPVA,0.18269927317741255,0.4985944264643909,0.31834613369152975,0.00015766666666666669,2.25e-05,0.00011266666666666668,6.758333333333334e-05
q_z7MEeDACA,0.14394122840756007,0.32961140429126595,0.0019723327869764834,0.10278470267012858,0.23579770373349074,0.09297333574765056,0.09272663348983719
ryOumk7jk70,0.04947329872737888,0.6711456575831873,0.2650348836894338,0.007164013333333333,0.0018304133333333333,0.00532208,2.954666666666667e-05
Se2h1pyAjKw,0.033151718357082985,0.6995180217937971,0.24909891031014247,0.012154233025984913,0.006077116512992456,0.0,0.0
S53cGjMySXI,0.07634499408038976,0.608235770499391,0.24090832613885502,0.02910791386114495,0.02897370172959805,0.008146912399512792,0.00826755239951279
r_FtoXIPvBs,0.061616607493297296,0.612963683184093,0.22837062296141789,0.051500315461718536,0.01737179635427859,0.01781886950576423,0.0103941663362255
RvMeBVtnqTo,0.15052811940793373,0.503040226571936,0.26510015590290115,0.02683810481941978,0.024744056104203674,0.017104882818235648,0.01263967391355832
rSH0nR5OsJ0,0.18113350882722862,0.4622034968653327,0.25712256112062876,0.05281937686478751,0.011824853113983552,0.03454474063435417,0.00034701368034701366
R_BhjDIkLPE,0.01824050275879372,0.6525372059077569,0.22550404158652745,0.04665118707562211,0.01892937215592583,0.034650807471570184,0.0034786517899512252
SGTEJu31pic,0.08146410256410257,0.5164354700854701,0.17423632478632478,0.1519094017094017,0.07595470085470085,0.0,0.0
s-1_vRe0zfM,0.13929354166666666,0.44348405555555553,0.1497658888888889,0.1338555694444444,0.07939015277777776,0.02855211111111112,0.02563423611111111
Sc6DzfOqS6k,0.0757241153883261,0.6221554703328509,0.2636039754944525,0.022122425856246984,0.008394812928123493,0.007999200000000001,0.0
ssLh03_eEUg,0.023548359240069084,0.6799162348877374,0.22692659758203798,0.04640587219343696,0.02320293609671848,0.0,0.0
sHMJOK5jLnw,0.0003255561584373305,0.7495523602821488,0.250122083559414,0.0,0.0,0.0,0.0
Stf_1r0sEzs,0.12714112,0.5819614285714285,0.2899696914285714,0.00058888,0.00027222,6.666e-05,0.0
seljowpKeB4,0.01665760288826642,0.5729340366511049,0.2062614031870526,0.10121660460628698,0.025197071347650177,0.0754484409710551,0.002284369150326797
SrNVsfkGW-0,0.4572671586335455,0.27587110332571974,0.09246362005487517,0.11626541199057304,0.05813270599528652,0.0,0.0
sCy5TYWmQAE,0.012131777024482109,0.7034226930320151,0.24684562146892655,0.03157064237288136,0.0015013016949152538,0.003007415254237288,0.0015013016949152538
SSA_qIu55pQ,0.15887761123213595,0.4742959629045964,0.10657304750869061,0.0473007285592893,0.11825182139822325,0.0473007285592893,0.0473007285592893
Slm4-VUmNPk,0.11648276201337558,0.5768566373812037,0.2869391565505104,0.0074798683843717,0.0017559507215769096,0.004413981443153819,0.006070331545230552
TaQfMJxnDB0,0.19120801696869852,0.5750895141680394,0.22270266886326195,0.0019992,0.004998,0.0019992,0.0019992
SvisjD4X8Lw,0.06334857747126436,0.595691724137931,0.23987389701149425,0.06420776045977011,0.009445053333333332,0.022339226666666663,0.0050692
TJG6Qwb-0JA,0.019689315068493148,0.6682663013698631,0.2294127397260274,0.06184609589041096,0.01608054794520548,0.003125,0.00156
sG6uBUJT_4M,0.01372819772107206,0.7311237281335259,0.255148074145402,0.0,0.0,0.0,0.0
tcq8beLv4HY,0.024274712239788,0.624177870528931,0.19989213749562232,0.06928412601995936,0.012648350478577753,0.05014467359921907,0.019646501687638054
T6ILlSpBJm0,0.020704182763578948,0.6736007297954362,0.21045416444960316,0.034367028078954684,0.017163886572143454,0.026042591048095635,0.017702738393105367
Tx7fUYd2PeQ,0.07336095238095239,0.6638471428571429,0.26249190476190476,0.0002,0.0001,0.0,0.0
TkY4Eq1BD1Q,0.034823685524315244,0.6373928724274233,0.21482328188810138,0.04302797797797798,0.033893276609943276,0.0248372038705372,0.01117303970637304
t1k6HmUY6Zk,0.16962860176690453,0.4990300269514719,0.30603804211843205,0.01289477805578723,0.0034668079881382636,0.008941743119266056,0.0
Tb2kPaoeHsQ,0.10462830390390392,0.6192323099099099,0.2744105861861862,0.0007568,0.00010800000000000001,0.0005407999999999999,0.00032439999999999997
SYhcrXYA6tM,0.06770624687116565,0.5874779746888696,0.2407877251066316,0.05204101333333333,0.01312876,0.03773785333333333,0.0011245866666666667
U81hhegLCVo,0.027703984819734347,0.7119070208728653,0.26038899430740037,0.0,0.0,0.0,0.0
sxaUK1N6EQ4,0.09615023763729934,0.4902753580471051,0.2389238337619411,0.08795153886459336,0.0239675092709947,0.05892195989821677,0.003803719435531857
uIiNwqkfBv4,0.18782890380313202,0.5267242058165548,0.19571494407158835,0.04909319910514541,0.011936912751677855,0.02143888143176734,0.007254765100671141
TeumwmIiXAs,0.049188163201253,0.5249061085438558,0.2199137109712452,0.10553283435642648,0.025113780828012185,0.07138521969458045,0.003951951951951952
TtVQ5QnxH60,0.05263817641228939,0.6558806838453914,0.2513423885034688,0.026759167492566897,0.013379583746283449,0.0,0.0
TtsF_N6wYiA,0.14339611410601977,0.5650612458820006,0.29008430667864626,0.0009722222222222223,0.00048611111111111115,0.0,0.0
U22-B2hy1wA,0.09030128324324324,0.5278594859459461,0.15868898864864864,0.04955208,0.08762401621621622,0.04516231783783784,0.04076442648648649
ujtu9x-wEj0,0.08683097689440995,0.3925732208695651,0.17993105155279504,0.13539226795031056,0.029391147204968947,0.08293346857142858,0.09293544869565219
U8V49tHJFZI,0.03543424715596331,0.6755205526605508,0.24124388018348628,0.02092552,0.0029861999999999996,0.01495312,0.00896966
tfv2yKDII_M,0.0022946143581531893,0.7468449052575393,0.25086048038430747,0.0,0.0,0.0,0.0
U6tEuUeJN_s,0.16662676702791462,0.22981871921182262,0.10840213648604267,0.24757618863711006,0.061894047159277515,0.18568214147783255,0.0
Uqu81mI_hlY,0.061618061002178655,0.6154459041394336,0.2309435511982571,0.06132832244008715,0.030664161220043576,0.0,0.0
TSqvjjoVzEU,0.01342026489185969,0.7325898451497356,0.25398988995840466,0.0,0.0,0.0,0.0
VDNkFvLGGWY,0.15027117224287484,0.39646704732032223,0.15563697932156134,0.14063119237918217,0.11275276254646842,0.022266587360594798,0.021931101998141266
utmjdgXsCng,0.24722829074733094,0.5522589370106761,0.18482873224199287,0.00514858,0.00176216,0.0019151999999999997,0.006856459999999999
u7IkHTkVeuc,0.04306022383526384,0.7037899613899613,0.25294144144144143,0.00017496000000000002,8.32e-06,1.6666666666666667e-05,8.32e-06
v90By8QGp8U,0.05574645011600929,0.6733486310904873,0.2709049187935035,0.0,0.0,0.0,0.0
vady0SQGHCU,0.08168497698504028,0.6370770828538551,0.2797272382048332,0.00039349827387802073,0.000120771001150748,0.00013199079401611047,0.0008642117376294592
upVCd5iodTI,0.054040860321130375,0.6503739370584457,0.25252634928709056,0.02552812,0.004380800000000001,0.012673826666666669,0.00047007999999999994
vIPgjW9whUU,0.10064160161290323,0.5943903134408602,0.2639905913978495,0.007447608602150537,0.018619021505376344,0.007447608602150537,0.007447608602150537
VATR3Z-wwWs,0.031094872180451125,0.6240097343358395,0.19042820551378445,0.06773405513784461,0.00978516290726817,0.04816372932330827,0.028891112781954886
VAV7kWo12Lk,0.06406575070496082,0.5826808888424718,0.20996627728459527,0.09638042433420364,0.045789392167101824,0.0007097199999999998,0.00040475999999999994
VEfXXmTvAhE,0.02312498854460094,0.6963356807511737,0.23828255737089202,0.02262924,0.0049812,0.014473586666666666,0.00017055999999999997
UsCddaS_JV4,0.051198462613556955,0.6362709993011879,0.23007309573724666,0.0549716282320056,0.0274858141160028,0.0,0.0
V1al9o5cqtk,0.03593382733182162,0.6544362033660873,0.2163572036281179,0.03381564742756362,0.021745308541194257,0.02200094145628622,0.015732320342655582
vj7RbWzmFWI,0.11129023848580442,0.5893404003785488,0.2878473283911672,0.005641286372239748,0.0016271365930599373,0.004080309779179811,0.00017312000000000002
UpAV10SeXHY,0.05432143221049104,0.6557079420814481,0.23593052609351434,0.014772979319591085,0.018479039701692644,0.012645563549522372,0.008133582905982907
ViYMbhcjo8o,0.02022342855676189,0.7285721619054952,0.245323528656862,0.003920587253920587,0.0019602936269602937,0.0,0.0
u_zrN_k24TY,0.00020876826722338208,0.7497129436325678,0.25007828810020877,0.0,0.0,0.0,0.0
UzUEG5JBhJY,0.04265971003098716,0.44490840389552894,0.1821081657193448,0.1934294077851557,0.039550263981112596,0.08101071683045595,0.016272000897152132
UlNFd-Y8-yk,0.11095539886413672,0.5925005932826861,0.28966209799543136,0.005459885925258093,0.0008149946810140985,0.00040318095873651433,0.00020126793460126797
VHLEmMYxtvI,0.14258594460224466,0.5096469551898204,0.2780955842475301,0.030914336558781005,0.013339194750305861,0.023030597263930596,0.0023823823823823824
V716OJO5QYU,0.00017754105636928543,0.7497558810474921,0.25006657789613845,0.0,0.0,0.0,0.0
VQJSxRi1sWw,0.1141906613056971,0.6010582494074936,0.210259724459088,0.03724568241386062,0.009311420603465155,0.027934261810395468,0.0
vXhs9kFld2A,0.006381078838174274,0.7412260165975104,0.25239290456431535,0.0,0.0,0.0,0.0
W12x43oSwM0,0.1890839880109995,0.4897375424274849,0.3206737314901108,0.0002209542876209543,3.153153153153153e-05,0.00015789122455789123,9.471137804471138e-05
vu9jzdTs3qk,0.10013434488077119,0.5280050837138508,0.2604969526940639,0.05568180935565703,0.013920452338914258,0.04176135701674277,0.0
W5u8lVR9MEE,0.2088614623947957,0.4048104972338305,0.22248391652724986,0.07209604793604794,0.014650795200795203,0.052401196791196786,0.02478118881118881
vwjrs4bV1V4,0.02457427495336279,0.7134766519391261,0.25851091310751106,0.0028868400000000003,0.00013728,0.000275,0.00013728
viXT4MNMFic,0.06384975904266842,0.6955837690760936,0.23303668582690876,0.005583697851725996,0.0004856654168788672,0.0012438657681804611,0.00021381578947368417
W9r6dQ57x34,0.0045662794529576535,0.7437213657521833,0.25171235479485915,0.0,0.0,0.0,0.0
vWZFWP_40xo,0.04285621739130435,0.6969104927536232,0.25591128985507244,0.001892,0.00027,0.0013520000000000001,0.0008110000000000001
vUl5Qj47G9c,0.030466304128902316,0.7116337562940585,0.2483784894259819,0.002563141993957704,0.0003661631419939577,0.0007323262839879154,0.005858610271903323
W5-arXxJO98,0.00380952380952381,0.7447619047619047,0.25142857142857145,0.0,0.0,0.0,0.0
Wm3XK1meQoI,0.027631464798131465,0.6957057057057057,0.23234034034034035,0.02942475809142476,0.014619703036369704,0.000278028028028028,0.0
x8alwtKIPF4,0.03889642695612845,0.6965174129353233,0.2645861601085482,0.0,0.0,0.0,0.0
wvR_n4VTkDw,0.2747501132177264,0.5321701983815028,0.17734760840077068,0.00688688,0.0009828,0.00492128,0.0029520400000000004
Wx9vPv-T51I,0.033971757328638066,0.6296366509127977,0.21402043987273345,0.07534455255923146,0.031173291014116703,0.005954378648874063,0.009891201000834026
WJxklk91hXw,0.022315457721872815,0.7128576939203354,0.2529033682739343,0.007948986722571627,0.003974493361285814,0.0,0.0
wu7LmQE_NFI,0.08325770214659103,0.6213808030252475,0.25251980869758645,0.021359782004226453,0.005331887442998554,0.0157115337559782,0.00043830497163830495
xGi2xuSKcQ0,0.013164331210191083,0.7396490445859871,0.24718662420382165,0.0,0.0,0.0,0.0
XbnN36Mn0cc,0.019919693806541405,0.6922194154488518,0.23175441892832288,0.037404314544189285,0.018702157272094642,0.0,0.0
X1bAmvMSfzw,0.12204029641851107,0.4172981758551308,0.19480032201207242,0.07073899066398391,0.020789844547283706,0.024655413802816904,0.14963774390342052
X6tbe0Nb6bM,0.21055130664442592,0.41825360022240754,0.29978597442313043,0.05302856547122602,0.004010606060606061,0.010130497636919656,0.004216666666666666
XwuSSxhHnwQ,0.15052004740941416,0.5848041313918051,0.21194659668134103,0.02281029461564511,0.003711141212326448,0.01635516423975618,0.009888079918726719
XVa0_oZNwwU,0.10275739764192139,0.31062900628820955,0.1257177034934498,0.20789960628820964,0.08115778157205242,0.15383922471615724,0.0179781
W1XtG7COFy0,0.3992694251446154,0.20100454042615387,0.39972603442923077,0.0,0.0,0.0,0.0
Wtgpa-hpzD4,0.003892027953879806,0.7339447714381047,0.24229895339784227,0.008695778741704668,0.001240940940940941,0.006213896859822786,0.0037274189003818634
xaikqQzkLaI,0.04869017182130585,0.6858787628865979,0.2554207560137457,0.006673539518900343,0.0033367697594501714,0.0,0.0
WZBNrSzBvSU,0.010055327121993788,0.737601319267986,0.25175022715022716,0.0002965632298965633,7.414080747414082e-05,0.00022242242242242246,0.0
WThq6YqUUoE,0.09972891418626187,0.6173737528339679,0.24488493168959116,0.02969131353575798,0.0018348904460015571,0.004143510176843511,0.002325792459125792
Y3Mpm1QOMQQ,0.1546547169811321,0.5373497641509434,0.30799551886792453,0.0,0.0,0.0,0.0
xFNZ4aojgv8,0.16116246681464072,0.3395108151629891,0.12577272925099012,0.2490359925142534,0.1245179962571267,0.0,0.0
xGs6qbLVdrw,0.3494047120418849,0.482629057591623,0.16109450261780103,0.0045811518324607335,0.0022905759162303667,0.0,0.0
y1aUKdFCy7c,0.1269186980006077,0.5333514942570649,0.28209039321786694,0.04212194935278031,0.005237422108781527,0.006333347323002128,0.00392339772713461
y6AJhFZA4iI,0.07355978697318008,0.6600484762452109,0.22789569233716475,0.018736055555555554,0.005803355555555555,0.010382633333333334,0.0035785444444444447
YrE4QyNji6E,0.009257125217909532,0.7291095075467623,0.24545779165975246,0.005843476810143476,0.0030594594594594597,0.00431207874541208,0.0029658324991658326
XTqG_1dsFSU,0.12098559421338664,0.401733906289755,0.13797998526230715,0.2262003428230341,0.11310017141151706,0.0,0.0
ZY0IOkLL-lk,0.03411269230769231,0.702607548076923,0.2623797596153846,0.0006,0.0003,0.0,0.0
YiLMNBc69NQ,0.4000000000000001,0.20000000000000004,0.4000000000000001,0.0,0.0,0.0,0.0
yG9o-Z4HUY8,0.011682417118205349,0.6518180903077365,0.21987028021857918,0.05230858086856486,0.020573327270635607,0.03998155788323268,0.0037586425079091166
_-60DVkHt3Q,0.20170550023935102,0.5607638794465013,0.23753062031414768,0.0,0.0,0.0,0.0
xw1IXZhxWPI,0.06437666295057598,7.432181345224825e-05,0.05378580453363062,0.44493833766877244,0.115291316734795,0.32153355629877367,0.0
z4w-TeDHnTY,0.11796788869565217,0.4297692753623188,0.19016064231884056,0.15477500985507248,0.06241766550724638,0.04490951826086957,0.0
_4zuYiN3Sow,0.1578917006802721,0.5328989115646259,0.30920938775510204,0.0,0.0,0.0,0.0
_F9XTNDa3bs,0.1745648930017351,0.5051875072296125,0.3059992481203007,0.006237362637362637,0.00089010989010989,0.0044571428571428574,0.002673626373626374
Yfz6h3991Ys,0.0006769086159330062,0.747903647549989,0.24925628067091485,0.0009469469469469468,0.00013513513513513514,0.0006766766766766767,0.00040590590590590587
Zd6rw75Q6P8,0.25772428422152566,0.3922373249738767,0.3079145663531871,0.02808254963427377,0.014041274817136885,0.0,0.0
Z7i8niK0uuc,0.04020386473429951,0.6635180814354728,0.25658999309868874,0.03308178053830227,0.001995445134575569,0.0030624568668046926,0.0015287784679089025
_1VDKxG9eV4,0.3199226750861079,0.46369781859931114,0.21592950631458097,0.0003,0.00015,0.0,0.0
_WXolBU9AwY,0.001851851851851852,0.7462962962962962,0.2497150997150997,0.0014245014245014246,0.0007122507122507123,0.0,0.0
YTMP7ThEX54,0.057865642152675416,0.6068807417963337,0.21845355797073382,0.07636277182364534,0.037407400815615346,0.0019512512512512513,0.0010784117450784118
yP-8P7Gq1fI,0.2473881536179604,0.028053634734229317,0.05158999346009812,0.3364841090938561,0.08412102727346403,0.2523630818203921,0.0
ZEOAoPZccwE,0.023608315412186383,0.7076371326164875,0.25047498207885305,0.012186379928315413,0.0060931899641577065,0.0,0.0
ZBxgILKuDgs,0.19118874382592443,0.487115477239354,0.3216957789347217,0.0,0.0,0.0,0.0
_80vIIjd12w,0.27469767633447884,0.3804519931271478,0.13238969956471935,0.12265135853379153,0.04829763237113402,0.022373666048109964,0.019129148041237113
_JCMi1EgAIY,0.11238939785932721,0.39462938165137607,0.20120251498470945,0.10724017400611621,0.021792497706422023,0.05973692094801223,0.10299418807339447
Ywic-6dT9cM,0.03892200902078356,0.6868669456127713,0.23065458613661,0.012454308552578975,0.001948407459059535,0.004291662805064994,0.024856953153817776
_ZvN728C6pY,0.04337867098039216,0.6767451949019608,0.24750529411764707,0.005883360000000001,0.014708400000000002,0.005883360000000001,0.005883360000000001
ZFdodMJ3Erc,0.07905956531928753,0.619393763803486,0.2663169788836455,0.01932367764589987,0.007291663091663091,0.004864842620398176,0.00373789344900456
_HZzrzNXZi8,0.25030291997245174,0.47198393044077136,0.23262231928374658,0.02390521515151515,0.007685678787878788,0.012967336363636364,0.0005324
_Jyxx1rbvRw,0.07710264606744185,0.6110929593814893,0.25076441617699874,0.0267208790105831,0.0038132332626096385,0.01909441248536382,0.011453822873986729
_woUtKt6KEs,0.08680642545953363,0.6100968449931412,0.27725843621399177,0.021695040000000002,0.00103168,0.0020666666666666667,0.00103168
_cESCn9hmJg,0.0017932367149758454,0.7485342995169082,0.24967246376811594,0.0,0.0,0.0,0.0
_h9MxNn8P7w,0.00021609940572663426,0.7497028633171258,0.2500810372771475,0.0,0.0,0.0,0.0
_lvgI8GQv2I,0.7643995071196886,0.06739951185393363,0.02839192642594003,0.05488260926945734,0.016857142695011176,0.012735368702035368,0.05532252252252252
_HObsPlnnp8,0.05752519710555886,0.6706947978986738,0.23057440286355013,0.012328153328670124,0.016292289631824518,0.006631874251512495,0.005944197686058151
